LOCATION,TIME,PC_HEALTHXP,PC_GDP,USD_CAP,FLAG_CODES,TOTAL_SPEND,Cluster,PCA1,PCA2
AUS,1971,15.992,0.727,35.72,,462.11,1,-1.4109755512488724,0.3855594653331139
AUS,1972,15.091,0.686,36.056,,475.11,1,-1.5248407228297156,0.27079908729388874
AUS,1973,15.117,0.681,39.871,,533.47,1,-1.5195154743400512,0.263569906468826
AUS,1974,14.771,0.755,47.559,,652.65,1,-1.4214953564352206,0.2476702381250863
AUS,1975,11.849,0.682,47.561,,660.76,1,-1.7129077396513839,-0.0932477357385862
AUS,1976,10.92,0.63,46.908,,658.26,1,-1.846170867849466,-0.21425714724401873
AUS,1977,10.087,0.613,47.649,,676.23,1,-1.922040478358763,-0.31115660865987815
AUS,1978,9.958,0.591,50.799,,729.37,1,-1.9516642035251914,-0.34153837248097313
AUS,1979,8.981,0.523,49.766,,722.3,1,-2.1107279293855763,-0.47452391465142923
AUS,1980,9.263,0.54,56.972,,837.03,1,-2.0495248689962478,-0.4511918210008017
AUS,1981,9.388,0.548,65.39,,976.08,1,-2.00748865470977,-0.45110774943863097
AUS,1982,9.248,0.564,67.606,,1026.12,1,-1.9889232049076502,-0.4627393799094605
AUS,1983,9.589,0.58,74.083,,1138.58,1,-1.9270600724823685,-0.4324285491094715
AUS,1984,9.465,0.569,77.27,,1201.08,1,-1.9412988893802305,-0.45723221971827616
AUS,1985,9.56,0.58,84.134,,1325.78,1,-1.9013097950258067,-0.45593717656437044
AUS,1986,9.568,0.599,89.94,,1440.69,1,-1.8590620522846508,-0.45792158021594037
AUS,1987,9.543,0.582,93.578,,1521.94,1,-1.8735168112293625,-0.4763497147136494
AUS,1988,9.823,0.595,102.027,,1686.73,1,-1.814136178295991,-0.4581532385289675
AUS,1989,10.199,0.623,111.197,,1869.71,1,-1.7261197030169382,-0.42426138970762006
AUS,1990,10.474,0.677,120.773,,2061.0,1,-1.608523792568156,-0.3892901160609488
AUS,1991,10.937,0.739,134.356,,2322.21,1,-1.4567325654078171,-0.3388870163458358
AUS,1992,11.407,0.778,149.096,,2608.43,1,-1.3323260418930862,-0.30121523493300856
AUS,1993,11.977,0.819,165.359,,2921.4,1,-1.1944419447518129,-0.25519450388301135
AUS,1994,12.508,0.859,183.972,,3284.82,1,-1.053942626190687,-0.21863899354615365
AUS,1995,12.762,0.882,198.406,,3585.59,1,-0.966031253516078,-0.21098305185024024
AUS,1996,13.106,0.924,215.606,,3947.96,1,-0.8387904459156468,-0.1905978430011637
AUS,1997,13.437,0.95,232.59,,4306.87,1,-0.7346093887215303,-0.17882678315635117
AUS,1998,14.084,1.019,261.728,,4897.19,1,-0.5179746267689989,-0.1381903705564603
AUS,1999,14.679,1.075,291.589,,5518.61,1,-0.3201522002907981,-0.11102073260274548
AUS,2000,15.702,1.194,338.665,,6486.45,0,0.038688930358378205,-0.04433711576654275
AUS,2001,16.059,1.236,364.771,,7081.3,0,0.19202290067551217,-0.041905297893916414
AUS,2002,15.374,1.213,373.044,,7330.84,0,0.13953915457011273,-0.14315053151635151
AUS,2003,15.761,1.244,401.302,,7984.06,0,0.28611597445799997,-0.14756823452409698
AUS,2004,15.656,1.269,429.882,,8652.41,0,0.39309380695196905,-0.20715934464685545
AUS,2005,15.218,1.213,432.513,,8821.02,0,0.297071154052612,-0.28734250280883467
AUS,2006,15.276,1.219,461.821,,9558.72,0,0.39175218709797927,-0.3414689226678071
AUS,2007,15.201,1.225,485.887,,10119.86,0,0.46236965661375845,-0.39744398433068445
AUS,2008,15.412,1.273,510.172,,10840.75,0,0.6108916239003892,-0.4065095603989079
AUS,2009,15.535,1.334,553.724,,12011.21,0,0.8251792300182198,-0.45938240375295897
AUS,2010,15.63,1.324,563.857,,12422.76,0,0.8482475454116918,-0.47880611971375026
AUS,2011,15.311,1.315,580.921,,12977.79,0,0.8645695842718635,-0.5554361248925607
AUS,2012,15.308,1.336,582.874,,13247.71,0,0.9006451805548089,-0.553750457837769
AUS,2013,14.989,1.32,627.402,,14503.87,0,0.9851591151364677,-0.6930229834381237
AUS,2014,14.386,1.306,616.997,,14475.18,0,0.8995907898607954,-0.7445433644158459
AUT,1990,10.131,0.784,152.003,B,1167.06,1,-1.4166614551481824,-0.41145393388134394
AUT,1991,10.001,0.78,160.118,,1241.7,1,-1.4091397163739199,-0.4421614400570413
AUT,1992,9.889,0.801,169.708,,1330.63,1,-1.3627422013374226,-0.46175207514945893
AUT,1993,9.746,0.84,181.793,,1437.19,1,-1.2875215806363802,-0.48051667808312154
AUT,1994,9.457,0.852,192.083,,1524.39,1,-1.2631994151434318,-0.5241144097798229
AUT,1995,9.542,0.854,201.335,,1600.27,1,-1.2304660883289618,-0.5314115808943776
AUT,1996,9.839,0.876,214.418,,1706.56,1,-1.146620308329003,-0.5140070793757977
AUT,1997,11.213,1.01,255.927,,2039.24,1,-0.7654279663839401,-0.3827086705996523
AUT,1998,11.843,1.087,288.769,,2303.45,1,-0.5331954946485523,-0.34060528250607275
AUT,1999,12.551,1.17,322.318,,2576.07,1,-0.285814528349249,-0.28881614965055424
AUT,2000,12.734,1.174,344.082,,2756.64,0,-0.21086252633502936,-0.30813001874441215
AUT,2001,12.897,1.198,356.061,,2863.55,0,-0.1359702372103003,-0.3019083199386165
AUT,2002,13.154,1.238,385.304,,3114.01,0,0.012329714367982317,-0.3102051670354638
AUT,2003,13.607,1.304,417.087,,3387.34,0,0.2154162757735314,-0.29025321891363587
AUT,2004,13.41,1.294,435.327,,3557.48,0,0.2372698048694888,-0.34984035711336187
AUT,2005,13.325,1.277,445.188,,3662.93,0,0.23498876823842324,-0.385609763533126
AUT,2006,13.37,1.268,474.834,,3926.23,0,0.3042703842720091,-0.44053443201432757
AUT,2007,13.605,1.289,504.849,,4187.97,0,0.4275437141417705,-0.4617760448450062
AUT,2008,13.606,1.311,538.253,,4479.07,0,0.5456825272225645,-0.5133293987129169
AUT,2009,12.53,1.271,517.265,,4315.71,0,0.3653154622653933,-0.6063638401774273
AUT,2010,12.368,1.251,524.143,,4383.62,0,0.345883572440002,-0.6458704585951177
AUT,2011,12.473,1.236,546.783,,4588.41,0,0.39251761115655637,-0.6843934414364554
AUT,2012,12.181,1.234,570.525,,4809.52,0,0.433492031435892,-0.760379921135057
AUT,2013,12.222,1.245,594.13,,5037.85,0,0.5137388846244451,-0.7951758349604172
AUT,2014,12.324,1.268,616.256,,5263.8,0,0.6104243704082734,-0.8152563498893839
AUT,2015,12.407,1.28,632.737,,5462.53,0,0.6763034477914205,-0.8324787497464681
BEL,1970,28.113,1.078,41.918,,404.74,2,-0.12148431373364797,1.812698393551739
BEL,1971,28.275,1.109,46.908,,453.75,2,-0.05565586816562838,1.835143245939858
BEL,1972,27.629,1.126,52.105,,506.0,2,-0.0615158446706914,1.7659169613289054
BEL,1973,27.547,1.2,61.916,,603.17,2,0.05910859606289748,1.7743960345070746
BEL,1974,26.779,1.183,69.147,,675.73,2,0.004674908675867431,1.6722424537268445
BEL,1975,21.886,1.208,75.852,,743.4,1,-0.26673025551576973,1.1596684691099106
BEL,1976,18.88,1.081,75.524,,741.51,1,-0.637582276188311,0.7847680895328527
BEL,1977,18.301,1.133,84.525,,830.91,1,-0.5816354695562336,0.7322044019840549
BEL,1978,17.789,1.135,93.107,,916.13,1,-0.5899207041409129,0.6634274407182927
BEL,1979,17.386,1.106,100.444,,989.21,1,-0.6361928145968492,0.5935083851706745
BEL,1980,17.374,1.068,110.325,,1087.72,1,-0.6620461982008723,0.5553790177005398
BEL,1981,16.044,1.053,118.541,,1168.69,1,-0.7482751259471828,0.3935551692899547
BEL,1982,15.4,1.045,125.806,,1239.98,1,-0.7822926247374243,0.30866157637327996
BEL,1983,15.594,1.084,136.098,,1341.32,1,-0.6894547804939969,0.3283123902008198
BEL,1984,14.967,1.017,135.461,,1335.02,1,-0.8230441000074518,0.2317352123959612
BEL,1985,15.684,1.074,149.946,,1478.21,1,-0.6602175294073409,0.3068453922911171
BEL,1986,15.708,1.102,159.833,,1576.24,1,-0.5945301036186584,0.30417774350335647
BEL,1987,15.952,1.136,172.74,,1704.98,1,-0.49817887946088835,0.3217062705621824
BEL,1988,16.479,1.174,192.778,,1908.82,1,-0.35874001040710474,0.3572533662120803
BEL,1989,16.231,1.147,201.741,,2004.84,1,-0.387682306368578,0.3013285438878801
BEL,1990,15.52,1.103,206.956,,2062.81,1,-0.4801254200405488,0.19587453207700095
BEL,1991,15.597,1.157,227.548,,2276.5,1,-0.34726033670969364,0.1909043963510934
BEL,1992,16.282,1.237,251.603,,2527.39,1,-0.12990102358143457,0.2554584960046549
BEL,1993,17.445,1.347,276.698,,2790.35,0,0.16232144318006236,0.38244074545227663
BEL,1994,17.459,1.313,283.434,,2867.11,0,0.13533040126797824,0.3547115370958166
BEL,1995,18.068,1.351,304.259,,3084.22,0,0.2823336145645116,0.3972590908793577
BEL,1996,17.119,1.327,303.867,,3086.27,0,0.18628818454071003,0.2870782187850395
BEL,1997,17.497,1.332,318.442,,3242.14,0,0.2568599979629519,0.3013703643660818
BEL,2003,17.13,1.557,483.535,B,5017.22,0,0.9768891710979755,0.057586501692347934
BEL,2004,17.098,1.557,502.408,,5235.66,0,1.0252813105140666,0.018133414533351475
BEL,2005,17.026,1.536,512.107,,5366.17,0,1.0183135594960524,-0.01836071258098941
BEL,2006,16.501,1.472,521.218,B,5497.79,0,0.9218680559979594,-0.12191522806193929
BEL,2007,16.676,1.493,550.12,,5845.41,0,1.0392723504713046,-0.1490420730684616
BEL,2008,16.407,1.532,584.31,,6257.94,0,1.165871792342553,-0.2241589992503051
BEL,2009,15.792,1.59,605.096,,6532.91,0,1.2596167673527283,-0.30101773009960037
BEL,2010,15.677,1.555,623.97,,6798.52,0,1.2557646707871601,-0.3667950155520818
BEL,2011,15.345,1.547,638.092,,7049.48,0,1.2617803135591739,-0.4339276933952984
BEL,2012,14.599,1.487,629.735,,7007.85,0,1.1097174978841853,-0.5257747321064454
BEL,2013,14.273,1.48,642.958,,7190.08,0,1.1144422459788645,-0.589053774334467
BEL,2014,13.851,1.44,644.954,,7229.33,0,1.0380674767246105,-0.6565181467659802
BEL,2015,14.209,1.489,678.971,,7654.85,0,1.2192659685746121,-0.6611655900699028
CAN,1970,11.962,0.76,34.512,,735.93,1,-1.6325521638221168,-0.022979890665895897
CAN,1971,11.529,0.762,37.493,,811.56,1,-1.6500120403815939,-0.07374797227466554
CAN,1972,10.962,0.716,38.279,,841.89,1,-1.7472467774348983,-0.1570390924736078
CAN,1973,10.942,0.679,40.48,,905.51,1,-1.7922441391465322,-0.18178265904606367
CAN,1974,10.026,0.611,40.559,,923.69,1,-1.9441710634261093,-0.3107311442325241
CAN,1975,9.319,0.609,44.367,B,1029.71,1,-1.9826836219076223,-0.3940356356643616
CAN,1976,8.957,0.589,46.967,,1104.57,1,-2.026154621663564,-0.4472761944747593
CAN,1977,8.9,0.583,50.511,,1201.96,1,-2.027927676709548,-0.4638926459996491
CAN,1978,8.882,0.58,55.298,,1329.14,1,-2.019580467414026,-0.47763679797688197
CAN,1979,9.081,0.582,61.83,,1501.05,1,-1.9852184027445858,-0.4700458803574077
CAN,1980,8.934,0.589,68.701,,1689.56,1,-1.9658988352283284,-0.4971252529339135
CAN,1981,9.357,0.635,82.876,,2063.61,1,-1.8356285494475388,-0.4615878739442694
CAN,1982,9.071,0.682,90.435,,2279.14,1,-1.7694045946555397,-0.4856510809460349
CAN,1983,9.145,0.704,98.477,,2506.83,1,-1.7118220914439493,-0.4850954422138822
CAN,1984,9.5,0.72,109.506,,2814.52,1,-1.635308752319542,-0.4645351063007663
CAN,1985,10.061,0.763,124.336,,3225.52,1,-1.4979098134206201,-0.4177698879500971
CAN,1986,10.756,0.842,141.554,,3709.28,1,-1.296156017793593,-0.34505761820460257
CAN,1987,11.058,0.859,152.165,,4039.98,1,-1.222607438913469,-0.3292522498058274
CAN,1988,11.383,0.884,167.067,,4493.27,1,-1.1244608494607407,-0.3166899479585895
CAN,1989,11.691,0.932,183.938,,5036.04,1,-0.9903758265080345,-0.2998000532566701
CAN,1990,11.914,1.0,201.819,,5608.75,1,-0.8319850932769128,-0.2844512436426954
CAN,1991,12.135,1.102,222.113,,6257.3,1,-0.6208220248995759,-0.25844175112524365
CAN,1992,12.75,1.19,244.536,,6974.07,1,-0.3963910766900458,-0.20277312171068598
CAN,1993,13.377,1.233,263.391,,7594.46,1,-0.2420998720103783,-0.15966605674860893
CAN,1994,13.613,1.206,272.076,,7920.65,1,-0.23730571262383834,-0.16852547296452441
CAN,1995,14.358,1.229,287.512,,8439.63,0,-0.11206062596619616,-0.11504955675067442
CAN,1996,14.578,1.219,292.026,,8664.97,0,-0.0970901880557788,-0.10851457007531752
CAN,1997,15.255,1.273,320.266,,9603.88,0,0.10274989872473671,-0.07653902857286597
CAN,1998,15.702,1.347,352.804,,10671.58,0,0.3267811259339976,-0.06863448571419864
CAN,1999,16.199,1.354,375.645,,11456.87,0,0.43581452735537357,-0.06613215128034375
CAN,2000,16.601,1.374,402.054,,12371.08,0,0.5666348046187554,-0.0756926597805139
CAN,2001,16.921,1.465,441.311,,13716.78,0,0.825396205934178,-0.0892864853366601
CAN,2002,17.438,1.55,478.226,,14998.12,0,1.0823866537980902,-0.08001524502012487
CAN,2003,17.845,1.614,519.989,,16471.17,0,1.3181910585073158,-0.10399747533111271
CAN,2004,17.992,1.637,553.47,,17708.27,0,1.4577669431860574,-0.15656487474016673
CAN,2005,18.058,1.637,592.738,,19152.55,0,1.5779322309940889,-0.24218944240880008
CAN,2006,18.251,1.68,638.701,,20802.81,0,1.783875124700159,-0.30894332936722474
CAN,2007,18.052,1.679,662.072,,21774.18,0,1.8395239512586976,-0.3872805095257777
CAN,2008,17.828,1.687,679.645,,22595.32,0,1.8892634107386417,-0.45135715368901347
CAN,2009,17.824,1.885,731.121,,24586.55,0,2.3093350851980836,-0.4797033262563207
CAN,2010,18.471,1.951,780.901,B,26554.75,0,2.5894987115957693,-0.5000286418469929
CAN,2011,18.32,1.872,778.209,,26725.86,0,2.467803715421637,-0.5521748190164133
CAN,2012,17.883,1.828,770.464,,26774.04,0,2.360286852417907,-0.6066344769920354
CAN,2013,17.575,1.778,783.949,,27560.08,0,2.3153262439551563,-0.6997488358409412
CAN,2014,17.453,1.743,785.811,,27931.31,0,2.2687658858259874,-0.7390341958295709
CHE,1985,11.592,0.808,171.227,,1107.9,1,-1.2394024710911626,-0.27889401926513097
CHE,1986,12.105,0.865,189.428,,1232.06,1,-1.0807711432442235,-0.23114504153833365
CHE,1987,10.344,0.76,172.362,,1128.13,1,-1.3835142712914925,-0.4348139829156551
CHE,1988,10.682,0.79,190.12,,1253.53,1,-1.2740241837849307,-0.4176057864822272
CHE,1989,10.326,0.766,198.234,,1317.64,1,-1.3085548846046313,-0.4813767101333081
CHE,1990,10.549,0.777,213.748,,1435.43,1,-1.2381281095388004,-0.48135530535718946
CHE,1991,10.106,0.805,223.999,,1523.19,1,-1.202452506190672,-0.5333242704152203
CHE,1992,9.692,0.808,227.292,,1562.72,1,-1.2169027044730427,-0.5815226762011237
CHE,1993,10.022,0.843,240.318,,1667.39,1,-1.1134807031898901,-0.5542962720867692
CHE,1994,10.055,0.853,249.578,,1745.5,1,-1.0733290123559347,-0.5632447519086793
CHE,1995,10.097,0.893,266.307,B,1874.98,1,-0.9724514682185882,-0.5705155410033472
CHE,1996,10.162,0.935,285.052,,2015.84,1,-0.8620886142182298,-0.5780659330455544
CHE,1997,10.453,0.96,305.359,,2164.66,1,-0.7557000594415909,-0.5729457838034882
CHE,1998,10.352,0.964,316.86,,2252.87,1,-0.7266739468318367,-0.6028041181154303
CHE,1999,10.623,1.003,339.043,,2422.12,1,-0.5976878819706711,-0.5966191683451928
CHE,2000,10.836,1.012,361.001,,2593.52,1,-0.5136058882842677,-0.6105633715508305
CHE,2001,10.741,1.041,383.731,,2774.32,0,-0.4207691319929699,-0.6486118356975669
CHE,2002,10.395,1.05,395.506,,2881.16,0,-0.4002618044588589,-0.7024979619835815
CHE,2003,10.616,1.103,414.972,,3045.48,0,-0.26264838866766516,-0.6900892256039995
CHE,2004,10.549,1.1,430.299,,3179.75,0,-0.23057578717817512,-0.7271027376274865
CHE,2005,10.622,1.089,440.715,,3277.65,0,-0.21298778674200441,-0.7442758908111081
CHE,2006,10.399,1.02,458.412,,3430.73,0,-0.2741189219188475,-0.8336902093403867
CHE,2007,10.305,0.993,491.141,,3708.66,0,-0.23030611462436157,-0.917330020077023
CHE,2008,10.137,0.991,518.695,,3966.81,0,-0.17102157848530633,-0.9875110828992524
CHE,2009,10.134,1.053,543.521,,4208.93,0,-0.021523800464951264,-1.004747129408942
CHE,2010,14.503,1.558,824.671,B,6452.98,0,1.690478375020639,-0.8252033024988716
CHE,2011,14.439,1.562,873.221,,6909.27,0,1.820432925681746,-0.9209991839135109
CHE,2012,14.307,1.588,914.396,,7312.3,0,1.9562287011029698,-0.9997996269739561
CHE,2013,14.083,1.6,956.715,,7739.2,0,2.070216175943931,-1.097324625098155
CHE,2014,13.895,1.61,985.969,,8073.75,0,2.14955421548689,-1.168084910806876
CHE,2015,14.014,1.69,1056.053,,8746.65,0,2.451523788821374,-1.2488567366829448
CZE,1990,24.212,0.908,114.502,,1183.19,1,-0.4150793968703963,1.1851410203033625
CZE,1991,21.496,0.836,96.461,,994.38,1,-0.7396963064460664,0.9005637068123737
CZE,1992,24.69,0.99,116.212,,1199.21,2,-0.2682218568183825,1.2713277705521995
CZE,1993,22.358,1.201,144.243,,1490.01,2,-0.0624982152497758,1.0756444427530656
CZE,1994,28.254,1.564,197.307,,2038.89,2,0.9583664106951626,1.76647878461354
CZE,1995,28.28,1.629,222.953,,2302.49,2,1.1161553475811554,1.7519380602633077
CZE,1996,27.665,1.56,226.75,,2338.98,2,0.9924296198408035,1.6473233947466848
CZE,1997,27.252,1.539,225.909,,2327.8,2,0.934532033478268,1.5956623261917295
CZE,1998,25.085,1.412,209.924,,2161.04,2,0.5773451243210623,1.3382071832836164
CZE,1999,24.149,1.403,214.504,,2205.93,2,0.5155660171515062,1.2273372525284156
CZE,2000,24.659,1.414,228.095,B,2339.13,2,0.6002012593778159,1.2604022464417808
CZE,2001,24.981,1.474,258.786,,2643.91,2,0.7840905162129499,1.2650804597510619
CZE,2002,25.069,1.558,282.66,,2882.26,2,0.9668446819832647,1.2696246768254107
CZE,2003,25.196,1.657,320.79,B,3270.13,2,1.2104173732749226,1.2584528948088505
CZE,2004,25.671,1.642,341.185,,3479.1,2,1.2757961232770285,1.2624053078959847
CZE,2005,25.7,1.643,360.063,,3676.68,2,1.3293526864012113,1.230172909002713
CZE,2006,23.478,1.457,346.049,,3543.16,2,0.89422397619359,0.9346741505415999
CZE,2007,22.213,1.339,348.982,,3594.11,2,0.6593513492340815,0.7397435276022103
CZE,2008,20.906,1.332,370.216,,3844.55,0,0.6204875206868783,0.5589333586124804
CZE,2009,22.139,1.618,446.076,,4658.79,2,1.2905306728247248,0.6812866778319457
CZE,2010,20.418,1.418,392.131,,4107.34,0,0.763186996816675,0.5070933827608515
CZE,2011,20.432,1.426,410.511,,4308.76,0,0.8239804989300561,0.47743721438647724
CZE,2012,21.496,1.511,438.857,,4612.73,2,1.0846333832490833,0.5757763416002151
CZE,2013,17.932,1.384,421.887,,4435.83,0,0.6326014754638589,0.17402283018763515
CZE,2014,17.109,1.293,418.414,,4403.95,0,0.44614284319904707,0.05071104615908525
CZE,2015,17.323,1.25,421.663,,4446.88,0,0.4109368468415044,0.046140423081764255
DEU,1970,17.002,0.971,44.789,,3501.12,1,-0.9586355273074917,0.5394610646208553
DEU,1971,16.225,1.004,50.027,,3917.76,1,-0.9474768959946216,0.45773425865937967
DEU,1972,15.851,1.032,55.594,,4374.61,1,-0.9151934785203107,0.4145002520533306
DEU,1973,15.289,1.044,61.847,,4882.0,1,-0.9146365846036391,0.3418510995536131
DEU,1974,14.881,1.094,71.174,,5620.43,1,-0.8422379251709728,0.2942455302465612
DEU,1975,14.332,1.149,81.25,,6392.23,1,-0.7701212353154498,0.23242187629604316
DEU,1976,14.234,1.144,89.973,,7048.21,1,-0.7539871698952199,0.1933183552422072
DEU,1977,13.85,1.104,95.521,,7465.9,1,-0.8146925482181099,0.11710174840366033
DEU,1978,13.955,1.123,107.207,,8371.99,1,-0.7424699366628752,0.10129915769145308
DEU,1979,13.881,1.096,117.938,,9214.07,1,-0.7473312314580195,0.04743523052017727
DEU,1980,13.895,1.125,133.445,,10447.22,1,-0.6543176276273902,0.014630212736813107
DEU,1981,13.98,1.174,152.687,,11971.87,1,-0.5169151250517696,-0.012653033606967456
DEU,1982,13.99,1.151,158.52,,12417.41,1,-0.5276179636929679,-0.040460179334189286
DEU,1983,14.21,1.168,170.399,,13312.98,1,-0.45012702231808766,-0.04533636908372476
DEU,1984,14.27,1.19,185.523,,14444.58,1,-0.3656098430604983,-0.07424970764726883
DEU,1985,14.302,1.213,200.236,,15555.31,1,-0.28286472016169956,-0.1045426217245367
DEU,1986,14.357,1.203,206.996,,16087.82,1,-0.2697293333287297,-0.12451259601212099
DEU,1987,14.592,1.237,221.093,,17209.86,1,-0.16017276528332353,-0.127429744013503
DEU,1988,14.634,1.267,241.921,,18904.82,1,-0.04538362291752463,-0.17404335508431373
DEU,1989,14.819,1.195,243.328,,19162.39,1,-0.12405002543354539,-0.19620169678490926
DEU,1990,14.709,1.181,258.39,,20524.7,1,-0.0970428843052538,-0.26414216046805483
DEU,1992,15.365,1.388,301.102,B,24276.23,0,0.3754787152054973,-0.23509121851889675
DEU,1993,13.771,1.239,271.19,,22008.79,0,-0.031886694407268316,-0.3824081331801944
DEU,1994,13.388,1.236,282.377,,22996.32,0,-0.02198758997955797,-0.46041250490420055
DEU,1995,13.176,1.253,296.636,,24228.65,0,0.036704772758832674,-0.5204779111568096
DEU,1996,13.456,1.318,319.619,,26181.54,0,0.22277587280914435,-0.5336021541643612
DEU,1997,13.439,1.301,322.366,,26445.22,0,0.20855362241620642,-0.5528786381250793
DEU,1998,13.956,1.354,345.877,,28378.24,0,0.3951917837346304,-0.5475230990282239
DEU,1999,13.996,1.367,363.37,,29832.77,0,0.47577319365658516,-0.5925806053545253
DEU,2000,14.082,1.386,381.455,,31359.99,0,0.5697938979811635,-0.6322342927144784
DEU,2001,14.692,1.451,418.329,,34449.36,0,0.8253961335693194,-0.6545669389683841
DEU,2002,14.916,1.51,447.719,,36931.67,0,1.0217444063855272,-0.6966956561682119
DEU,2003,14.936,1.547,469.542,,38753.26,0,1.1484470841345327,-0.7461772629274694
DEU,2004,14.348,1.454,462.927,,38199.0,0,0.9611253640108444,-0.8313041490591702
DEU,2005,15.387,1.581,512.48,,42263.93,0,1.3717099034703701,-0.8178092473869071
DEU,2006,14.983,1.518,527.646,,43465.6,0,1.3116428801879159,-0.9373945149228651
DEU,2007,15.321,1.53,566.139,,46574.2,0,1.4820333778090253,-1.0167446199371193
DEU,2008,15.339,1.562,603.742,,49573.31,0,1.6548589720856772,-1.1165223142225955
DEU,2009,15.207,1.698,640.783,,52481.61,0,1.9558501659866605,-1.1794889691331518
DEU,2010,14.968,1.652,660.571,,54019.47,0,1.945071656039612,-1.2874608384062183
DEU,2011,14.255,1.532,654.053,,52504.09,0,1.7028577863185146,-1.3818948059028444
DEU,2012,14.102,1.524,663.777,,53384.81,0,1.7162971978469117,-1.433857293074141
DEU,2013,13.995,1.535,694.318,,55993.7,0,1.8302626185888617,-1.5378630138692118
DEU,2014,14.359,1.587,746.704,,60469.96,0,2.106658932430437,-1.6430863852748432
DEU,2015,14.31,1.596,765.97,,62569.49,0,2.1874737276235066,-1.7137514431022238
DNK,1980,6.301,0.53,52.401,,268.45,1,-2.276389532619308,-0.7480784032958677
DNK,1981,6.149,0.527,56.595,,289.86,1,-2.2795470360742454,-0.7729682815668802
DNK,1982,6.189,0.534,63.14,,323.14,1,-2.250396390197537,-0.7771954381411446
DNK,1983,6.407,0.539,68.08,,348.18,1,-2.216379742101396,-0.7608712751828413
DNK,1984,6.631,0.528,71.996,,368.02,1,-2.2062483000176694,-0.7497615209831531
DNK,1985,6.864,0.546,79.733,,407.73,1,-2.146387763127492,-0.73066409376835
DNK,1986,7.276,0.563,87.9,,450.09,1,-2.074935910847059,-0.6941008117897932
DNK,1987,6.888,0.555,88.986,,456.23,1,-2.1085197609669475,-0.7405017181411011
DNK,1988,7.33,0.6,99.611,,510.96,1,-1.9908610620083063,-0.6917719587245859
DNK,1989,7.023,0.566,98.15,,503.76,1,-2.0608599813776385,-0.7375962911220906
DNK,1990,7.621,0.613,111.578,,573.62,1,-1.9228880369288328,-0.6766423883436263
DNK,1991,8.145,0.647,123.085,,634.42,1,-1.8123597412477894,-0.6262307833485947
DNK,1992,8.123,0.646,127.847,,661.14,1,-1.802727387224582,-0.6376233301019925
DNK,1993,8.692,0.72,145.443,,754.65,1,-1.6193105342733736,-0.5742776807495765
DNK,1994,9.047,0.731,158.155,,823.38,1,-1.5478482247676006,-0.5547929821455874
DNK,1995,9.329,0.725,164.174,,859.18,1,-1.5215969551714428,-0.5390894722828088
DNK,1996,9.16,0.718,170.275,,896.17,1,-1.5262471685013246,-0.5712130202205025
DNK,1997,9.295,0.72,179.425,,948.26,1,-1.4907310682249966,-0.5726861844800419
DNK,1998,10.367,0.783,201.887,,1070.85,1,-1.2762414246828322,-0.47082704721097063
DNK,1999,9.051,0.755,201.247,,1071.0,1,-1.4025707336171587,-0.6208688077058125
DNK,2000,9.068,0.735,210.487,,1123.92,1,-1.4043238972368803,-0.6454218088711257
DNK,2001,8.983,0.759,224.017,,1200.46,1,-1.3421764368524693,-0.6672642981522682
DNK,2002,9.409,0.819,250.898,,1348.81,1,-1.1628346185360514,-0.6424407305137297
DNK,2003,9.241,0.823,253.303,B,1365.45,1,-1.162207323488241,-0.662500617886045
DNK,2004,8.921,0.804,264.636,,1430.23,1,-1.1793897540513123,-0.7256184071044159
DNK,2005,8.58,0.78,266.357,,1443.5,1,-1.2297871421489772,-0.7759970182077227
DNK,2006,8.718,0.799,298.291,,1621.89,1,-1.1116275551509982,-0.8101623248799056
DNK,2007,8.886,0.829,322.787,,1762.88,1,-0.9960051294473491,-0.8225330655336349
DNK,2008,8.328,0.792,326.956,,1796.17,1,-1.0718276003324614,-0.9063955145907066
DNK,2009,7.613,0.813,328.132,,1812.3,1,-1.0874866963682663,-0.9734107266885288
DNK,2010,7.696,0.798,344.01,,1908.46,1,-1.060729328287487,-1.0007653169068083
DNK,2011,7.819,0.797,354.029,B,1972.14,1,-1.027715801070349,-1.0066241410600836
DNK,2012,7.395,0.759,340.25,,1902.53,1,-1.1429363209747372,-1.044455404523242
DNK,2013,6.896,0.704,329.056,,1847.63,1,-1.2793192071909418,-1.102975657297653
DNK,2014,6.757,0.693,331.484,,1870.72,1,-1.2969112311654514,-1.1273580643684018
DNK,2015,6.758,0.698,341.823,,1942.75,1,-1.2629399147040903,-1.1437934333774251
ESP,1980,21.807,1.083,76.161,,2855.36,1,-0.41712284842977826,1.0536983102675728
ESP,1981,21.468,1.096,83.527,,3153.87,1,-0.3999186099281655,1.0066317310571578
ESP,1982,22.189,1.153,93.937,,3568.29,1,-0.24428237512479306,1.0843563113254204
ESP,1983,20.64,1.104,94.666,,3613.55,1,-0.41037976757334466,0.8967179234234304
ESP,1984,19.24,0.993,89.373,,3425.7,1,-0.6682777094189181,0.7092869973375999
ESP,1985,21.034,1.061,100.491,,3865.84,1,-0.4248639423083013,0.9028939340071737
ESP,1986,19.646,0.983,97.807,,3773.85,1,-0.6296992904442857,0.7264210125295876
ESP,1987,19.317,0.98,105.265,,4072.16,1,-0.6332155483663606,0.672562790494842
ESP,1988,18.402,1.039,121.057,,4693.01,1,-0.5669136347218361,0.5672509522430175
ESP,1989,18.798,1.084,137.413,,5335.44,1,-0.43130531972909186,0.5910346457279837
ESP,1990,18.556,1.132,154.269,,5996.02,1,-0.3322900426763809,0.54833466182593
ESP,1995,19.775,1.394,225.894,,8973.42,2,0.3170493203383743,0.6268919623018269
ESP,1996,20.275,1.433,242.473,,9672.21,2,0.45259780649700576,0.6573026099331437
ESP,1997,21.321,1.482,264.692,,10602.87,2,0.654596730883028,0.7359212915590481
ESP,1998,21.66,1.498,284.806,,11455.9,2,0.7591357829240482,0.7296856694426224
ESP,1999,22.123,1.532,304.884,B,12313.31,2,0.8961310972591096,0.7450526545708913
ESP,2000,21.958,1.497,322.041,,13064.52,2,0.8898612693469383,0.6684388038853775
ESP,2001,21.949,1.489,341.886,,13966.18,2,0.9388483339910045,0.6138721927765426
ESP,2002,22.65,1.541,375.405,,15553.61,2,1.1580636653129905,0.6269678868092646
ESP,2003,21.879,1.648,412.778,B,17414.13,2,1.3671896908195424,0.5010790026479823
ESP,2004,21.26,1.62,424.38,,18215.19,2,1.3267765113741334,0.3889468880058461
ESP,2005,20.653,1.585,439.206,,19172.73,0,1.287618642257538,0.2664449474404477
ESP,2006,19.635,1.523,469.511,,20845.03,0,1.2320829481522961,0.04894317003156036
ESP,2007,19.01,1.49,485.437,,21954.76,0,1.1988933731119686,-0.07903859506352488
ESP,2008,18.494,1.533,512.994,,23574.18,0,1.310751234122401,-0.18796398479341467
ESP,2009,18.252,1.641,531.957,,24663.09,0,1.5008316241085256,-0.21298366657783063
ESP,2010,18.192,1.641,524.963,,24451.15,0,1.4767350924222236,-0.2035774317877227
ESP,2011,17.78,1.617,518.368,,24229.92,0,1.3978986405417437,-0.2430439524373736
ESP,2012,17.652,1.602,512.297,,23961.7,0,1.3507950870368248,-0.24854409712779998
ESP,2013,18.679,1.685,549.259,,25606.48,0,1.6428099095140296,-0.19334721178610614
ESP,2014,17.909,1.627,547.538,,25450.05,0,1.507546063851715,-0.2960698656305722
ESP,2015,17.995,1.649,572.253,,26579.83,0,1.6182226779829305,-0.3386267051458113
EST,1999,19.973,1.139,95.332,,132.53,1,-0.44315764007918773,0.9038266027038504
EST,2000,22.79,1.177,110.803,,154.79,2,-0.16616104997551231,1.1899648291373817
EST,2001,25.52,1.222,126.176,,175.15,2,0.11427744333810369,1.4705634708203645
EST,2002,27.158,1.285,148.975,,205.49,2,0.36599135332627686,1.632686484473349
EST,2003,24.654,1.204,157.352,,215.69,2,0.1127505149903769,1.3173057602901372
EST,2004,25.539,1.301,187.682,B,255.73,2,0.37999679395893265,1.403930443852701
EST,2005,24.026,1.191,196.655,,266.42,2,0.15452835571707024,1.1772777253552285
EST,2006,23.76,1.169,225.173,,303.27,2,0.1803875933081995,1.089482469181811
EST,2007,21.745,1.093,240.063,,321.85,2,-0.01711502081557617,0.8163831493000545
EST,2008,18.788,1.081,244.933,,327.5,1,-0.2160482111244826,0.49282052365431767
EST,2009,19.983,1.307,268.334,,358.1,2,0.22814317639161732,0.6858432584693507
EST,2010,20.458,1.296,280.186,,373.06,2,0.2750330012827984,0.7097330746997687
EST,2011,19.87,1.157,283.959,,376.94,0,0.05811761494920298,0.5749397510371745
EST,2012,20.15,1.174,305.562,,404.17,0,0.15496135730457314,0.5749899355457565
EST,2013,19.327,1.164,319.351,,420.9,0,0.12247438685667057,0.4602148688338951
EST,2014,18.703,1.162,331.543,,435.83,0,0.10983813307242245,0.37286388113935215
EST,2015,18.22,1.187,343.486,,451.82,0,0.142358526018655,0.313638956415775
FIN,1970,13.822,0.689,23.396,,107.77,1,-1.64083250179366,0.16757406391297128
FIN,1971,14.426,0.763,27.808,,128.25,1,-1.4895236099952656,0.25840395508841574
FIN,1972,14.398,0.775,31.569,,146.47,1,-1.4653719354926857,0.2544877160490645
FIN,1973,13.736,0.718,32.836,,153.22,1,-1.5827658105848617,0.1555668672694776
FIN,1974,13.361,0.691,35.324,,165.69,1,-1.6375125286356127,0.09889313380547596
FIN,1975,12.871,0.727,41.194,,194.08,1,-1.6059506065834497,0.054382344673494315
FIN,1976,12.746,0.763,45.628,,215.62,1,-1.5540301457383443,0.05063483961501669
FIN,1977,12.686,0.785,49.848,,236.22,1,-1.5172862236441276,0.04734668076016552
FIN,1978,12.685,0.778,54.215,,257.66,1,-1.5154371863950082,0.03603781296888747
FIN,1979,11.983,0.717,57.822,,275.5,1,-1.6347863626710695,-0.07318431341931705
FIN,1980,11.217,0.663,61.236,,292.68,1,-1.7494041626440895,-0.18539906565715142
FIN,1981,10.899,0.658,66.995,,321.57,1,-1.7621490329102054,-0.23142405525901563
FIN,1982,10.391,0.637,70.618,,340.87,1,-1.8146018611771662,-0.30119170797147815
FIN,1983,10.642,0.662,78.166,,379.56,1,-1.7445904274304935,-0.2765081963527551
FIN,1984,10.57,0.662,83.116,,405.76,1,-1.7364341192065709,-0.29296395367387684
FIN,1985,10.174,0.677,90.468,,443.49,1,-1.7231528353784547,-0.3404231925494308
FIN,1986,10.079,0.681,95.015,,467.3,1,-1.7121653765659526,-0.3566333221722535
FIN,1987,10.069,0.694,102.609,,506.08,1,-1.6754753709372565,-0.3651001487888284
FIN,1988,9.968,0.668,107.207,,530.3,1,-1.7052741015143102,-0.39644017023467926
FIN,1989,9.812,0.661,115.48,,573.29,1,-1.703461204602063,-0.43102214336493233
FIN,1990,9.864,0.715,129.76,,647.04,1,-1.5898623706352475,-0.4253563646578773
FIN,1991,10.343,0.86,150.883,,756.49,1,-1.307309886244333,-0.34363831795107896
FIN,1992,11.166,0.951,164.015,,826.96,1,-1.0957968470787403,-0.23751723451294215
FIN,1993,12.652,0.991,172.839,B,875.68,1,-0.9206314804597824,-0.07877619189447697
FIN,1994,13.733,1.0,184.471,,938.65,1,-0.8067610806620891,0.017653002461763417
FIN,1995,14.321,1.053,205.851,,1051.44,1,-0.640596789526311,0.06609328338024169
FIN,1996,14.875,1.112,223.071,,1143.14,1,-0.4794111105352055,0.12134029223849185
FIN,1997,15.244,1.087,236.623,,1216.2,1,-0.45346471652178943,0.12348830751222065
FIN,1998,14.646,0.999,235.186,,1212.03,1,-0.6155242360434082,0.02118995152430401
FIN,1999,15.566,1.058,262.083,,1353.78,1,-0.40495260595078764,0.0973065364271286
FIN,2000,15.619,1.068,285.448,B,1477.54,1,-0.32700975027516305,0.06553527246723607
FIN,2001,16.076,1.123,312.574,,1621.64,0,-0.1517967354689073,0.09085683240760667
FIN,2002,16.247,1.196,341.56,,1776.32,0,0.03370956406809649,0.09153467383590026
FIN,2003,16.126,1.236,358.157,,1867.08,0,0.12307040165309727,0.06811672068394799
FIN,2004,16.223,1.264,393.582,,2057.71,0,0.2597175418815343,0.027801017322505818
FIN,2005,16.109,1.288,412.21,,2162.49,0,0.33325954546500713,-0.006287255438456559
FIN,2006,14.67,1.174,403.756,,2126.29,0,0.06231553771571,-0.19650276599463248
FIN,2007,14.676,1.149,432.867,,2289.31,0,0.1049581501674055,-0.26051366375664414
FIN,2008,14.585,1.179,471.269,,2504.04,0,0.23975043074134691,-0.3250512965698402
FIN,2009,14.059,1.247,472.342,,2521.77,0,0.299811350064554,-0.34957238238222343
FIN,2010,13.512,1.198,465.105,,2494.52,0,0.178757024835852,-0.41748382759630465
FIN,2011,12.919,1.156,470.342,,2534.33,0,0.0966646230265275,-0.5093498388757316
FIN,2012,12.622,1.173,476.358,,2578.99,0,0.11585052326552131,-0.5433287253855816
FIN,2013,12.471,1.184,488.809,,2658.62,0,0.1533617241619244,-0.5765295982830444
FIN,2014,12.327,1.169,485.113,,2649.45,0,0.11406689192693467,-0.5923198490828743
FIN,2015,12.546,1.185,501.003,,2745.26,0,0.19170454124356018,-0.5905718453064567
FRA,1970,24.413,1.266,47.192,,2455.64,2,-0.07610783592806795,1.4707896948475594
FRA,1975,20.741,1.273,75.78,,4111.26,1,-0.21820049712356182,1.0119806295719755
FRA,1980,16.389,1.104,107.277,,5936.79,1,-0.6336667511027446,0.38954015467146996
FRA,1985,16.577,1.267,167.728,,9526.23,1,-0.20798774328493255,0.3210214934297931
FRA,1990,17.282,1.375,244.051,,14280.11,0,0.23062776828848047,0.23256676587929287
FRA,1991,17.702,1.448,266.943,,15632.0,0,0.43000245052419844,0.2486577401082267
FRA,1992,17.619,1.48,282.21,,16608.4,0,0.5172705634113627,0.2120708046868677
FRA,1993,18.002,1.586,306.279,,18103.16,0,0.7633300979223537,0.23561437999258694
FRA,1994,17.898,1.574,316.56,,18780.62,0,0.7738189340535007,0.18948013122870155
FRA,1995,15.393,1.513,316.071,B,18819.47,0,0.5252253842671503,-0.1017475687771501
FRA,1996,15.224,1.497,321.77,,19226.75,0,0.5114052304339534,-0.14401873522475386
FRA,1997,15.462,1.501,336.182,,20159.1,0,0.5793830104933685,-0.15823205837717777
FRA,1998,15.872,1.525,358.556,,21580.16,0,0.7113357029350403,-0.16705100344234944
FRA,1999,16.395,1.576,385.896,,23345.44,0,0.9036167686209708,-0.16562374011603193
FRA,2000,16.899,1.612,423.358,,25787.79,0,1.1075357008939752,-0.20259974140925907
FRA,2001,17.333,1.675,464.882,,28523.97,0,1.3568504755813318,-0.2460442142339858
FRA,2002,17.188,1.716,492.632,,30447.25,0,1.4942833701876106,-0.32278849466649473
FRA,2003,17.559,1.763,499.545,B,31094.12,0,1.6069057876571835,-0.2845952435203645
FRA,2004,17.63,1.785,522.087,,32737.41,0,1.7166145760960696,-0.334038128298608
FRA,2005,17.568,1.788,548.873,,34677.44,0,1.8059182575894879,-0.41899502378107245
FRA,2006,17.322,1.74,567.916,B,36131.6,0,1.7891687611168199,-0.5259141277624481
FRA,2007,17.21,1.714,587.233,,37592.44,0,1.8117545685482621,-0.6088337397100009
FRA,2008,17.044,1.722,607.178,,39087.08,0,1.8786715407907661,-0.6827423197360688
FRA,2009,16.623,1.796,626.498,,40538.83,0,2.0158499766162805,-0.7498103577905922
FRA,2010,16.358,1.752,633.393,,41187.97,0,1.9635409330390994,-0.8218710071485752
FRA,2011,16.072,1.724,647.845,,42331.99,0,1.9560965204558707,-0.9100670289353697
FRA,2012,15.572,1.686,636.86,,41816.09,0,1.8381488481383512,-0.9527769185273461
FRA,2013,14.995,1.639,649.403,,42859.67,0,1.7798709685142031,-1.0755136844078026
FRA,2014,15.009,1.666,670.042,,44445.2,0,1.8870912901479155,-1.1242498544295085
FRA,2015,14.738,1.631,667.551,,44474.96,0,1.8158915018229105,-1.165677219163258
GBR,1970,15.819,0.628,22.406,,1247.19,1,-1.5815782106569412,0.32886636347559367
GBR,1971,15.992,0.642,24.816,,1387.12,1,-1.543582805321079,0.34710912377432435
GBR,1972,15.6,0.638,26.713,,1498.23,1,-1.56882135121822,0.29897818354093925
GBR,1973,15.005,0.603,28.318,,1591.32,1,-1.650276415145861,0.21553654373348377
GBR,1974,14.959,0.695,34.671,,1949.55,1,-1.5089515530647422,0.2377467622899022
GBR,1975,12.706,0.627,33.655,,1892.28,1,-1.7527509056168655,-0.027885925774737648
GBR,1976,13.111,0.649,37.833,,2126.67,1,-1.683100377958069,0.013788098571444113
GBR,1977,13.654,0.662,41.998,,2360.01,1,-1.616541721651852,0.06561868249255921
GBR,1978,13.849,0.665,47.027,,2642.75,1,-1.5837253914169052,0.07389149540496627
GBR,1979,13.627,0.646,51.289,,2884.85,1,-1.6105520380113771,0.029996111087935012
GBR,1980,13.528,0.685,58.008,,3266.68,1,-1.5431301974046576,0.02016679419432801
GBR,1981,13.383,0.707,64.956,,3659.22,1,-1.5010088447714447,-0.0032194823059920642
GBR,1982,14.488,0.742,73.881,,4160.51,1,-1.352587193316978,0.10512602247390115
GBR,1983,14.289,0.76,81.975,,4617.89,1,-1.3158082802968563,0.07106952584129829
GBR,1984,15.156,0.794,90.486,,5105.41,1,-1.1856541597210994,0.15498403035857247
GBR,1985,15.008,0.771,94.335,,5334.67,1,-1.2141915308452296,0.11784167817495303
GBR,1986,15.07,0.772,99.163,,5620.7,1,-1.1933338366508148,0.11152464845848897
GBR,1987,14.468,0.749,103.709,,5890.88,1,-1.2496207486172242,0.02497152955282165
GBR,1988,14.664,0.746,112.847,,6424.19,1,-1.2116475313556188,0.01903618610179733
GBR,1989,14.777,0.744,119.66,,6829.8,1,-1.185116733480221,0.011117767194138189
GBR,1990,14.485,0.737,123.408,,7064.81,1,-1.2017424116408224,-0.03333486344171349
GBR,1991,14.7,0.806,137.486,,7895.12,1,-1.0494373162198511,-0.016372153538461002
GBR,1992,15.092,0.896,156.32,,9000.97,1,-0.8419637223765616,0.01621809843570737
GBR,1993,15.52,0.932,170.23,,9825.44,1,-0.7206663330209587,0.04000722912547054
GBR,1994,15.948,0.969,187.466,,10847.86,1,-0.5873896794213976,0.05510937939761695
GBR,1995,16.126,0.913,184.328,,10694.53,1,-0.6609503865336528,0.054899187505424836
GBR,1996,16.546,0.935,201.152,,11700.4,1,-0.5496943598068922,0.06295585232725218
GBR,1997,16.925,0.935,212.206,B,12375.21,1,-0.48916759798131143,0.07184355088929853
GBR,2013,12.185,1.201,468.513,B,30044.91,0,0.40246031642158014,-1.045250905058874
GBR,2014,12.049,1.181,480.649,,31056.25,0,0.4083796827154209,-1.1076184630218686
GBR,2015,12.057,1.191,497.394,,32394.7,0,0.47963036374098794,-1.154144462447063
GRC,1988,15.393,0.844,101.924,,1023.01,1,-1.1175343307683696,0.2560393827485874
GRC,1989,14.147,0.851,110.191,,1111.77,1,-1.168285452268311,0.11334549144805842
GRC,1990,14.942,0.907,120.531,,1229.03,1,-1.0125137652906882,0.20367802720010242
GRC,1991,17.082,1.012,141.532,,1460.6,1,-0.6733311849745993,0.4380279532244287
GRC,1992,17.802,1.154,164.945,,1715.27,1,-0.37150698195065673,0.5370509422217133
GRC,1993,17.283,1.257,179.964,,1882.5,1,-0.22651449884569352,0.5036013311044865
GRC,1994,16.73,1.335,198.096,,2082.57,1,-0.1092411511415383,0.44868879706047804
GRC,1995,16.305,1.3,200.21,,2114.65,1,-0.17883659106133443,0.38323622522143624
GRC,1996,16.693,1.315,212.121,,2250.35,1,-0.10110978995231723,0.40828603159954946
GRC,1997,16.871,1.298,222.511,,2372.25,1,-0.08450138328771105,0.39883925550617755
GRC,1998,14.475,1.097,197.608,,2118.46,1,-0.5804557895221992,0.09866187506702939
GRC,1999,15.079,1.171,216.13,,2325.93,1,-0.39113159342347054,0.16208211227974686
GRC,2000,19.871,1.439,280.723,,3033.44,2,0.4596495204817127,0.6692876957481262
GRC,2001,19.075,1.524,320.158,,3477.6,0,0.6273175307128159,0.5516029030079225
GRC,2002,19.949,1.643,371.489,,4049.98,2,0.9828896832323991,0.6023787513371592
GRC,2003,21.388,1.753,418.525,,4573.67,2,1.352120391353147,0.7161437838796205
GRC,2004,23.038,1.827,465.174,,5096.05,2,1.6856494116986254,0.835379920325697
GRC,2005,22.338,2.01,514.01,,5647.59,2,2.0171771086235,0.7568449007192082
GRC,2006,23.613,2.117,604.089,,6657.28,2,2.4865809632045894,0.7698814362713146
GRC,2007,25.798,2.337,684.401,,7561.59,2,3.142647433703635,0.9509455420537404
GRC,2009,27.171,2.573,782.011,B,8685.81,2,3.8132263173567895,1.0213001085172582
GRC,2010,28.633,2.737,771.997,,8585.64,2,4.104647465275059,1.271904241629255
GRC,2011,30.742,2.797,731.159,,8119.45,2,4.215708772272673,1.5993844541956166
GRC,2012,29.055,2.55,644.747,,7121.24,2,3.5394693249244678,1.4695358057596313
GRC,2013,27.742,2.312,603.509,,6617.6,2,3.0206570674760034,1.297216135678009
GRC,2014,26.701,2.12,560.435,,6104.49,2,2.577153090915546,1.1787514213349
GRC,2015,25.878,2.17,571.913,,6188.6,2,2.6205511279231497,1.0955574398593577
HUN,1991,30.084,1.918,158.865,,1647.97,2,1.4550778017774229,2.200544913563211
HUN,1992,28.857,1.981,162.754,,1687.65,2,1.4695285416425885,2.0950807152676156
HUN,1993,30.694,2.127,178.094,,1844.61,2,1.8288448021635562,2.32840963160454
HUN,1994,30.348,2.248,198.12,,2049.23,2,2.0227486598030597,2.3124876918772697
HUN,1995,26.713,1.802,164.765,,1701.85,2,1.0914788695032824,1.7811118145234777
HUN,1996,27.273,1.816,169.22,,1744.87,2,1.1591877983705117,1.83805279261942
HUN,1997,27.639,1.747,171.035,,1760.03,2,1.09493622645658,1.8398382126396133
HUN,2001,29.674,2.028,268.268,,2733.0,2,1.867403238207681,2.004370486487231
HUN,2002,28.947,2.063,299.439,,3041.88,2,1.9495410928731722,1.8863983773287751
HUN,2003,27.593,2.247,346.433,B,3509.21,2,2.233635112744398,1.74454906950822
HUN,2004,29.108,2.267,367.309,,3712.45,2,2.416112798136864,1.8733986115416157
HUN,2005,31.27,2.511,427.151,,4308.7,2,3.047531506873343,2.103993912044604
HUN,2006,31.981,2.507,457.09,,4603.52,2,3.168622034189599,2.120095272101616
HUN,2007,31.617,2.294,434.32,,4367.43,2,2.796232231936302,2.022794317098652
HUN,2008,31.912,2.277,468.726,,4705.16,2,2.884158427550811,1.9807374981322858
HUN,2009,32.863,2.394,492.437,,4935.52,2,3.167958179416814,2.091840436052816
HUN,2010,33.273,2.515,539.855,B,5398.56,2,3.4844356851264937,2.103643264058599
HUN,2011,35.001,2.653,603.042,,6013.37,2,3.952749813784105,2.231879429695303
HUN,2012,32.579,2.443,561.746,,5572.72,2,3.399084726398021,1.9559696257370687
HUN,2013,30.293,2.208,537.976,,5322.24,2,2.8673897450625114,1.6489770974083582
HUN,2014,30.173,2.155,549.292,,5419.57,2,2.8177917620220936,1.5899120297499465
HUN,2015,29.215,2.114,558.878,,5501.05,2,2.7244988698908497,1.4521708388409493
IRL,1975,14.749,0.973,38.758,,123.62,1,-1.1566495833660868,0.3744144226392014
IRL,1976,14.869,0.957,40.184,,130.12,1,-1.1666333411175804,0.37673318425479396
IRL,1977,14.717,0.903,42.979,,141.07,1,-1.2423643431283398,0.32992567965291614
IRL,1978,14.189,0.917,49.346,,164.28,1,-1.241817532102364,0.27011495880315567
IRL,1979,13.191,0.897,53.145,,179.3,1,-1.324864303325602,0.14933591751523564
IRL,1980,11.707,0.878,57.809,,197.29,1,-1.4364050296667714,-0.023341364879500448
IRL,1981,10.527,0.747,54.904,,189.58,1,-1.698753136475486,-0.20461054546125473
IRL,1982,10.546,0.733,57.985,,202.12,1,-1.7084160626585965,-0.21483379161123978
IRL,1983,10.115,0.705,57.469,,201.75,1,-1.776011571743894,-0.2724856181943648
IRL,1984,10.509,0.716,62.663,,221.35,1,-1.7216824826479622,-0.2352045116639419
IRL,1985,10.539,0.72,66.917,,236.76,1,-1.703281519462558,-0.2376879497496352
IRL,1986,11.044,0.744,70.226,,248.58,1,-1.628956294735188,-0.17919092905850414
IRL,1987,11.546,0.744,75.344,,266.72,1,-1.582566295409723,-0.13573760839186164
IRL,1988,12.019,0.737,81.637,,287.77,1,-1.5445179866508298,-0.10074004356274494
IRL,1989,12.994,0.748,91.424,,320.99,1,-1.4399717692545408,-0.01076329357208184
IRL,1990,12.777,0.717,98.423,,345.86,1,-1.47805130260615,-0.06075698467406913
IRL,1991,11.995,0.727,104.543,,369.48,1,-1.5003011062621332,-0.14864835165772147
IRL,1992,11.891,0.752,113.484,,403.82,1,-1.4502191112458669,-0.16341138891583418
IRL,1993,11.968,0.762,120.429,,430.69,1,-1.4136226785182393,-0.16289772142686063
IRL,1994,12.097,0.758,128.871,,462.7,1,-1.3886310190028321,-0.16631670298283244
IRL,1995,12.044,0.735,139.028,,501.73,1,-1.3968693131535093,-0.20095751427401026
IRL,1996,12.882,0.763,156.317,,568.6,1,-1.2589039436656724,-0.1305663833543033
IRL,1997,12.558,0.734,165.977,,609.83,1,-1.2943809980165453,-0.19563108396571288
IRL,1998,13.213,0.745,186.457,,692.26,1,-1.1831527280934957,-0.15827930085659825
IRL,1999,13.97,0.78,210.83,,791.62,1,-1.0226583017506148,-0.10568242502845751
IRL,2000,14.176,0.837,252.441,,960.58,1,-0.8240985825781016,-0.13086035890300146
IRL,2001,14.435,0.924,301.335,,1165.03,1,-0.5625548562958657,-0.14915986319026753
IRL,2002,14.779,0.987,347.346,,1365.75,1,-0.33521335626444027,-0.1650984055766646
IRL,2003,15.088,1.057,383.182,,1531.39,0,-0.12705910847583798,-0.1633259339455703
IRL,2004,15.655,1.131,437.694,,1781.53,0,0.15208091600789758,-0.16605193158089246
IRL,2005,15.473,1.183,478.511,,1990.56,0,0.31668182111768617,-0.23357289661926972
IRL,2006,16.465,1.237,547.146,,2338.28,0,0.6339412871478292,-0.22729797863971316
IRL,2007,16.356,1.276,596.486,,2623.91,0,0.8083694464436536,-0.30934192699811147
IRL,2008,15.953,1.453,643.036,,2886.94,0,1.1424414249345904,-0.35070289386289016
IRL,2009,15.135,1.591,661.276,,2999.13,0,1.3225931990235091,-0.4031644744308329
IRL,2010,14.815,1.562,674.956,,3077.9,0,1.2980404184986596,-0.47534307781763246
IRL,2011,14.415,1.432,651.311,,2980.92,0,1.0346679521660567,-0.5374998823202878
IRL,2012,14.091,1.418,659.933,,3027.04,0,1.0168586827857924,-0.5936722576701607
IRL,2013,14.513,1.512,730.484,B,3358.98,0,1.3552384408781513,-0.630820882760892
IRL,2014,14.064,1.394,714.747,,3300.15,0,1.1254246394851497,-0.7065308320434569
IRL,2015,12.97,1.007,684.269,,3200.21,0,0.4516166061939508,-0.9529904626976214
ISL,1970,17.13,0.792,30.757,,6.29,1,-1.2656455513217986,0.5523400349578395
ISL,1971,17.31,0.874,40.03,,8.25,1,-1.1193226477952314,0.5946670403263559
ISL,1972,17.838,0.883,44.143,,9.23,1,-1.0618081849939103,0.647182769017474
ISL,1973,16.597,0.753,41.747,,8.86,1,-1.3254545818621655,0.4590125215152363
ISL,1974,13.78,0.714,44.978,,9.68,1,-1.5558506213508903,0.14001717225457266
ISL,1975,16.23,0.908,62.126,,13.54,1,-1.088275493850005,0.46013526008314654
ISL,1976,14.845,0.779,59.009,,12.99,1,-1.3619181421244686,0.25861503978173955
ISL,1977,14.553,0.757,65.7,,14.57,1,-1.393829378257024,0.20603296787882985
ISL,1978,14.505,0.811,79.316,,17.73,1,-1.2892906025123596,0.20361289895942664
ISL,1979,13.522,0.855,93.934,,21.2,1,-1.2574248821296725,0.09684788736318309
ISL,1980,16.628,0.973,122.026,B,27.84,1,-0.8212625241873356,0.4303424897555886
ISL,1981,15.576,0.932,131.624,,30.37,1,-0.921585778332274,0.28413461362512177
ISL,1982,16.104,1.009,152.618,,35.69,1,-0.7291118497168644,0.34037362135006316
ISL,1983,18.211,1.251,189.941,,45.01,1,-0.16782297076775202,0.6130728175188908
ISL,1984,17.058,1.105,178.928,,42.86,1,-0.4692709715575214,0.44118741066798534
ISL,1985,17.414,1.168,200.058,,48.3,1,-0.3067149103052337,0.47247277037370744
ISL,1986,16.508,1.182,217.823,,52.97,1,-0.30225093700587097,0.3539552229238476
ISL,1987,15.35,1.125,228.429,,56.16,1,-0.42860674650393604,0.1872382299341174
ISL,1988,14.692,1.162,240.078,,59.96,1,-0.3923110834299807,0.11618408475239556
ISL,1989,15.347,1.187,252.262,,63.78,1,-0.28418295800770327,0.17582400093064698
ISL,1990,13.98,1.032,228.449,,58.21,1,-0.6446002260709359,-0.0008317305163673688
ISL,1991,12.775,0.966,217.79,,56.15,1,-0.840511450464305,-0.14034369523284843
ISL,1992,13.313,1.033,227.372,,59.36,1,-0.6900158544611827,-0.06831517778166354
ISL,1993,12.78,1.003,226.653,,59.77,1,-0.7675558403274465,-0.1372659207388854
ISL,1994,13.419,1.03,244.128,,64.94,1,-0.6442724752356058,-0.08740815351397983
ISL,1995,13.794,1.076,259.171,,69.32,1,-0.5189630530364268,-0.051874989439787036
ISL,1996,14.277,1.118,279.501,,75.16,1,-0.37842648220365216,-0.016027171186246206
ISL,1997,15.489,1.198,322.933,,87.56,0,-0.07943890923648737,0.07473370380299801
ISL,1998,14.498,1.232,352.048,,96.48,0,-0.024574456839732445,-0.06254926371420627
ISL,1999,14.402,1.282,376.679,,104.48,0,0.0995395931935204,-0.09082753852208804
ISL,2000,14.832,1.336,394.133,,110.83,0,0.24545723651336965,-0.04985419113506604
ISL,2001,14.384,1.277,403.914,,115.1,0,0.16117780570723575,-0.14185690179404273
ISL,2002,14.366,1.377,443.416,,127.49,0,0.3959595501049971,-0.16346062670152428
ISL,2003,15.241,1.536,496.023,,143.61,0,0.8028569902331267,-0.08576786009118689
ISL,2004,15.39,1.471,519.038,D,151.6,0,0.7836784204934641,-0.14088009766896958
ISL,2005,14.433,1.33,491.556,D,145.86,0,0.459878759760763,-0.26164100871813717
ISL,2006,14.218,1.268,491.067,D,149.18,0,0.36072341017532267,-0.3131337599916327
ISL,2007,13.505,1.178,479.64,D,149.44,0,0.1629380868862581,-0.4114245363006404
ISL,2008,14.572,1.27,542.052,D,172.05,0,0.517084319664722,-0.3626968790542045
ISL,2009,15.665,1.419,582.697,D,185.59,0,0.8943265989765216,-0.24650419974460763
ISL,2010,15.813,1.393,535.019,D,170.16,0,0.7472009049693144,-0.16172987983095993
ISL,2011,15.148,1.309,516.634,,164.81,0,0.5428813747064968,-0.24012380532831304
ISL,2012,14.454,1.256,508.582,D,163.11,0,0.4049177262248836,-0.32439222507262877
ISL,2013,13.531,1.177,501.667,D,162.42,0,0.21962630518418122,-0.4470678500667845
ISL,2014,12.581,1.105,489.466,D,160.24,0,0.028509627941607853,-0.5601439440876091
ISL,2015,12.126,1.044,497.84,D,164.69,0,-0.06252028722584241,-0.6514374522726973
ISR,2006,13.293,0.923,236.833,B,1670.55,1,-0.7983349805162809,-0.16774655400898295
ISR,2007,13.57,0.938,257.901,,1851.75,1,-0.7040869398680841,-0.1707641427925648
ISR,2008,13.389,0.937,256.823,,1877.07,1,-0.7198616057420364,-0.18878393672078395
ISR,2009,13.974,0.991,272.317,,2038.46,1,-0.5670306774932021,-0.13096995102678138
ISR,2010,13.577,0.957,276.113,,2104.98,1,-0.6287635548897799,-0.19649386031224517
ISR,2011,13.388,0.938,286.345,,2223.7,1,-0.6395217030674999,-0.24497235046656674
ISR,2012,13.213,0.941,298.796,,2363.63,1,-0.6137479618445003,-0.28558681196170926
ISR,2013,12.924,0.915,313.203,,2524.26,1,-0.6294604287310764,-0.3557638000314163
ITA,1988,23.07,1.539,251.631,,14249.68,2,0.8532602082555265,0.9044735087247823
ITA,1989,23.294,1.551,272.149,,15423.17,2,0.9493074928776137,0.8779582695677621
ITA,1990,21.43,1.503,278.813,,15814.06,2,0.7826495762686453,0.6416187504675809
ITA,1991,20.922,1.517,294.948,,16740.81,2,0.8192224616029048,0.5513110970378365
ITA,1992,21.474,1.529,306.334,,17398.88,2,0.9080450343981912,0.5837888145626899
ITA,1993,20.351,1.442,293.246,,16665.7,2,0.6750613378891043,0.45978164266959104
ITA,1994,20.117,1.395,295.781,,16813.2,2,0.604189482138866,0.40579961185699703
ITA,1995,19.534,1.342,298.92,B,16991.9,0,0.5040521823849274,0.31084078111755226
ITA,1996,19.968,1.39,319.386,,18160.38,0,0.6624052146506937,0.323763013183966
ITA,1997,20.183,1.458,347.054,,19744.03,0,0.8561859474954958,0.30376401366455563
ITA,1998,20.643,1.5,373.922,,21278.68,0,1.0284474991563815,0.2991407103561962
ITA,1999,21.177,1.554,396.645,,22575.57,2,1.208655202767523,0.31929020246850054
ITA,2000,21.158,1.604,433.143,,24664.08,0,1.3906665535624119,0.24219030052314233
ITA,2001,21.92,1.703,476.761,,27163.03,2,1.7130338717637035,0.2509446194565529
ITA,2002,21.865,1.726,494.302,,28204.38,2,1.7964969254731904,0.2079351460367487
ITA,2003,21.375,1.679,488.266,,27984.09,0,1.6828784055859438,0.14828982695556578
ITA,2004,20.996,1.719,506.591,,29222.87,0,1.7720557863392485,0.07473381502723374
ITA,2005,20.37,1.703,511.842,,29671.22,0,1.7273692395527094,-0.015307260285624293
ITA,2006,20.124,1.702,550.732,,32021.75,0,1.834443859147218,-0.14934752779808402
ITA,2007,20.002,1.633,554.861,,32425.14,0,1.7480863103879027,-0.20940270842337008
ITA,2008,19.185,1.643,581.535,,34209.8,0,1.7950351175527393,-0.3670653164267794
ITA,2009,18.964,1.702,588.13,,34755.76,0,1.8828819419802953,-0.38272834221580865
ITA,2010,18.75,1.679,588.861,,34906.16,0,1.8411802334125744,-0.4200587599884982
ITA,2011,18.544,1.638,595.488,,35359.75,0,1.7940158188486668,-0.48060838526761973
ITA,2012,16.571,1.484,537.784,B,32019.51,0,1.2723646908668058,-0.6036011055314959
ITA,2013,16.98,1.52,549.218,,33081.57,0,1.3886672537685794,-0.5817457731922018
ITA,2014,16.944,1.527,554.181,,33688.19,0,1.4149789395833354,-0.6013036514923238
ITA,2015,17.932,1.613,601.018,,36500.17,0,1.7463075856054473,-0.5861558355586439
ITA,2016,17.831,1.594,604.675,P,36643.66,0,1.7248570032946786,-0.6146230879977619
JPN,1980,21.181,1.33,115.359,,13471.85,2,0.09023243437455683,0.8530998878055456
JPN,1984,19.458,1.247,152.536,,18307.07,1,0.011592887228199506,0.48437655806252317
JPN,1985,17.973,1.163,155.171,,18737.52,1,-0.18852258827623172,0.27659224411142214
JPN,1986,18.892,1.214,169.011,,20533.48,1,-0.0042002114289205845,0.34198941816255374
JPN,1987,20.271,1.305,192.985,,23561.73,2,0.303723755640718,0.4357272172330274
JPN,1988,20.631,1.268,207.202,,25405.66,2,0.3337530097114337,0.3988883565586746
JPN,1989,22.319,1.317,234.663,,28890.77,2,0.6191859635916204,0.49078823524904336
JPN,1990,21.422,1.23,239.226,,29553.26,2,0.46126690857912783,0.3357054793227715
JPN,1991,22.868,1.323,273.505,,33893.01,2,0.8168119723150419,0.3967311857642744
JPN,1992,22.009,1.33,282.452,,35088.73,2,0.805338998688924,0.2738957942238743
JPN,1993,22.255,1.405,305.192,,38007.39,2,1.01251993475085,0.24544673466144645
JPN,1994,21.057,1.386,309.352,,38656.94,2,0.9254180976580351,0.0924460500723535
JPN,1995,21.039,1.322,309.164,,38781.22,0,0.8386445940742044,0.05796187437375753
JPN,1996,21.039,1.288,315.832,,39718.08,0,0.8198766995177783,0.013757077973237764
JPN,1997,19.496,1.248,313.426,,39509.54,0,0.655586264427377,-0.15910824499278145
JPN,1998,17.942,1.187,297.259,,37573.54,0,0.40838340234422765,-0.28930366176484706
JPN,1999,18.152,1.266,320.554,,40592.07,0,0.6210889459748338,-0.322303415210639
JPN,2000,18.406,1.316,352.442,,44704.8,0,0.831300325557329,-0.3985611978937429
JPN,2001,18.859,1.388,380.919,,48433.47,0,1.0715046269508839,-0.43084723096852845
JPN,2002,18.64,1.393,392.312,,49998.2,0,1.1098172036725849,-0.4983548175036094
JPN,2003,19.527,1.486,429.378,,54839.3,0,1.4410015341546976,-0.509396156768447
JPN,2004,19.459,1.49,452.975,,57872.54,0,1.5349730749013109,-0.608275900737002
JPN,2005,19.794,1.54,487.681,,62312.46,0,1.7612649571851344,-0.6866309280707151
JPN,2006,19.789,1.545,510.598,,65282.0,0,1.8583215410367604,-0.7761562791954024
JPN,2007,19.972,1.576,544.008,,69633.57,0,2.0446505568746414,-0.8757697854547661
JPN,2008,19.9,1.632,567.72,,72703.93,0,2.209296302621103,-0.9509440390674861
JPN,2009,20.982,1.901,629.162,,80562.31,0,2.885969219064593,-0.9517954226855674
JPN,2010,20.473,1.875,656.131,,84030.7,0,2.923619855512051,-1.1246400143377022
JPN,2011,18.911,2.008,718.256,,91816.82,0,3.242996809768779,-1.4673306580469454
JPN,2012,18.887,2.038,758.189,,96766.9,0,3.437433445650586,-1.610759088693704
JPN,2013,18.854,2.035,793.169,,101085.42,0,3.5672216202729756,-1.7514029240750248
JPN,2014,18.803,2.037,802.733,,102168.65,0,3.6026892366645944,-1.7911792642765767
KOR,1970,21.38,0.551,3.336,,107.56,1,-1.3794726161080544,0.9263472257882535
KOR,1971,20.492,0.459,3.16,,103.91,1,-1.5628577940508126,0.7896218878248443
KOR,1972,20.99,0.428,3.237,,108.46,1,-1.5716121289497529,0.8266252735162324
KOR,1973,20.916,0.366,3.289,,112.17,1,-1.660075282584533,0.7889528949581058
KOR,1974,20.773,0.316,3.331,,115.56,1,-1.7369125866191257,0.7498472420655157
KOR,1975,21.112,0.487,5.949,,209.89,1,-1.475843486023521,0.8613046587077265
KOR,1976,21.513,0.502,7.199,,258.07,1,-1.4253988445033756,0.907478758593429
KOR,1977,20.923,0.463,7.803,,284.12,1,-1.5152067684578474,0.8255294835543846
KOR,1978,21.374,0.514,10.113,,373.87,1,-1.409677713716916,0.8916809330423975
KOR,1979,21.569,0.676,15.4,,578.03,1,-1.1622743855772923,0.9772558005124358
KOR,1980,21.476,0.743,17.856,,680.74,1,-1.070531455160412,0.9936980826379826
KOR,1981,21.927,0.789,21.873,,846.99,1,-0.9665736151596191,1.0531846846955826
KOR,1982,21.933,0.78,24.489,,963.06,1,-0.9704047164451467,1.0429766811540744
KOR,1983,21.959,0.757,27.584,,1100.89,1,-0.9903694652307322,1.026935999893436
KOR,1984,21.69,0.711,29.258,,1182.2,1,-1.0651143770489648,0.9724083631181096
KOR,1985,21.788,0.723,32.732,,1335.65,1,-1.0319113793785246,0.9797870771786249
KOR,1986,21.817,0.696,35.443,,1460.74,1,-1.0581988575654395,0.9630197478267356
KOR,1987,21.843,0.679,39.471,,1642.85,1,-1.0671991182249803,0.9474868805516131
KOR,1988,21.54,0.699,46.594,,1958.4,1,-1.0385977334360916,0.9076643091288156
KOR,1989,21.901,0.817,59.994,,2546.69,1,-0.8148162930127071,0.968850452575483
KOR,1990,21.635,0.796,65.887,,2824.53,1,-0.8427019026698855,0.9159743054225565
KOR,1991,21.727,0.765,71.465,,3094.13,1,-0.8613551300784866,0.8964345919388225
KOR,1992,21.187,0.772,77.531,,3391.82,1,-0.8688494671667828,0.8276936825919695
KOR,1993,21.812,0.776,84.383,,3729.28,1,-0.8010531902328182,0.877356529824179
KOR,1994,22.391,0.769,92.316,,4121.13,1,-0.7478060135903168,0.9141192529450392
KOR,1995,22.834,0.786,104.456,,4710.23,1,-0.6582492272887371,0.9375182396932494
KOR,1996,23.041,0.835,120.499,,5485.68,1,-0.52907125541398,0.9416444878581771
KOR,1997,22.989,0.829,127.733,,5869.79,1,-0.5179953861259333,0.9142004143478827
KOR,1998,22.373,0.837,122.339,,5662.64,1,-0.5638567568235884,0.8664580076455862
KOR,1999,22.44,0.885,145.054,,6761.94,1,-0.4247445857131978,0.8383550731772104
KOR,2000,24.454,0.978,176.815,,8311.74,2,-0.06835981635339808,1.012180559740967
KOR,2001,26.752,1.211,232.254,,11001.91,2,0.5686391587821735,1.2224218484044462
KOR,2002,27.015,1.182,245.612,,11702.12,2,0.5884862236607584,1.2008602058614526
KOR,2003,29.38,1.397,298.593,,14300.31,2,1.1983272789181831,1.4152863340786874
KOR,2004,29.254,1.397,320.678,,15419.01,2,1.2584625415101431,1.3446742357333588
KOR,2005,28.402,1.443,349.272,,16829.52,2,1.3525729052157551,1.2039372370778496
KOR,2006,28.304,1.556,401.881,,19466.43,2,1.6615063938843506,1.111641583345119
KOR,2007,27.062,1.532,426.283,,20753.01,2,1.6232783879256887,0.9058287378598691
KOR,2008,26.569,1.546,442.9,,21726.33,2,1.6625755571217875,0.815447423353464
KOR,2009,26.122,1.662,470.691,,23208.75,2,1.876710549652331,0.7508094658650752
KOR,2010,26.205,1.705,517.801,,25659.17,2,2.086988575577452,0.6565131959126975
KOR,2011,25.755,1.689,527.496,,26341.38,2,2.067789808684836,0.5731760264411254
KOR,2012,24.809,1.669,535.718,,26892.96,2,2.005271732831445,0.4408395761311579
KOR,2013,23.622,1.631,531.999,,26828.12,2,1.8653925591653477,0.30589835261722803
KOR,2014,22.87,1.629,548.01,,27809.68,0,1.8645223784174976,0.18162616655216288
KOR,2015,21.427,1.584,543.152,,27708.87,0,1.6949927203409367,0.019118977437208917
KOR,2016,20.235,1.553,552.176,P,28296.65,0,1.6038138307595216,-0.14624564880104537
LTU,2004,33.914,1.867,243.511,,822.35,2,1.845973551693519,2.446582837210714
LTU,2005,34.341,1.937,281.439,,935.09,2,2.0666801315500334,2.4580551347244737
LTU,2006,30.993,1.809,298.436,,975.86,2,1.716551590112817,2.0165256283648323
LTU,2007,28.47,1.639,312.933,,1011.18,2,1.3577152919723439,1.6455101485593238
LTU,2008,26.126,1.643,340.758,,1089.82,2,1.280202277260953,1.3532413956912168
LTU,2009,26.661,1.961,356.225,,1126.71,2,1.784931093507988,1.5348481562963932
LTU,2010,26.716,1.821,366.563,,1135.35,2,1.6259086983502937,1.455541647984317
LTU,2011,26.038,1.692,386.589,,1170.64,2,1.4583554131732424,1.287797873748438
LTU,2012,28.942,1.82,448.728,,1340.7,2,1.9833020972317392,1.5438836098422808
LTU,2013,28.173,1.728,461.178,,1364.02,2,1.8402687912906057,1.397550199301972
LTU,2014,27.836,1.724,485.245,,1422.92,2,1.8746419951757731,1.3181923945219913
LTU,2015,26.784,1.745,504.422,,1465.3,2,1.8829336436595399,1.1846844318877525
LUX,1995,12.038,0.642,267.785,,109.42,1,-1.19873599265695,-0.4594587185440324
LUX,1996,11.524,0.616,268.172,,111.08,1,-1.266783906951513,-0.5264132450256811
LUX,1997,12.647,0.664,299.201,,125.5,1,-1.0485110811022944,-0.43916490678347136
LUX,1998,12.309,0.668,311.45,,132.27,1,-1.0341052018660033,-0.4936656371602606
LUX,1999,11.965,0.661,350.872,,151.04,1,-0.9655170384993698,-0.6007400678187332
LUX,2000,11.036,0.651,375.816,B,163.97,1,-0.9765908611154083,-0.7456079058818064
LUX,2001,10.958,0.702,409.75,,180.91,1,-0.8261126414153287,-0.7875833285353759
LUX,2002,10.879,0.733,448.58,,200.15,1,-0.6902042069585949,-0.8476786723530376
LUX,2003,10.965,0.764,478.191,,215.97,1,-0.5669543302820618,-0.8746909903006445
LUX,2004,10.412,0.765,510.874,,234.03,0,-0.518552872892045,-0.9882571323769603
LUX,2005,10.208,0.733,523.189,,243.37,0,-0.5437343592136358,-1.0461854928818053
LUX,2006,10.198,0.684,560.575,,264.95,0,-0.5149942649553687,-1.1350550509432809
LUX,2007,10.673,0.665,588.312,,282.39,0,-0.43836790503267636,-1.142206218755848
LUX,2008,10.226,0.669,611.498,,298.81,0,-0.40315719665447697,-1.2269774778698261
LUX,2009,9.86,0.724,630.377,,313.79,0,-0.3047084477696264,-1.2713928576752511
LUX,2010,9.668,0.68,617.448,,313.02,0,-0.40980442476421464,-1.2904965644231026
LUX,2011,8.877,0.543,529.962,B,274.7,1,-0.8706413933697948,-1.2888193225841944
LUX,2012,8.56,0.563,548.101,,291.01,1,-0.8181096718380192,-1.3436755045057975
LUX,2013,8.424,0.552,563.787,,306.34,1,-0.8017719365336301,-1.39027201964697
LUX,2014,8.192,0.513,561.164,P,312.19,1,-0.8763962164619545,-1.4288938859742129
LUX,2015,8.601,0.52,586.428,P,334.03,0,-0.7752654404709654,-1.4263133696049446
LVA,2004,23.68,1.475,180.294,,408.03,2,0.4751246146677195,1.3029494149176972
LVA,2005,22.548,1.321,182.984,,409.66,2,0.19924814751133774,1.1059273909052225
LVA,2006,23.176,1.33,209.574,,464.91,2,0.32128197287758037,1.1295268203734847
LVA,2007,26.523,1.53,277.258,,610.06,2,0.9866054530009933,1.4574988164419287
LVA,2008,21.484,1.209,234.848,,511.34,2,0.11110242796041321,0.8503684280630139
LVA,2009,24.354,1.499,253.112,,542.08,2,0.739220358164678,1.2581530937150591
LVA,2010,25.794,1.586,279.009,,585.24,2,1.018323699399967,1.405565154090144
LVA,2011,26.092,1.454,287.478,,592.12,2,0.8813633464592503,1.358750485584956
LVA,2012,25.519,1.383,293.962,,598.01,2,0.7642304462386538,1.2535143083837115
LVA,2013,26.284,1.419,321.85,B,647.77,2,0.9350316501538899,1.302291915119983
LVA,2014,26.845,1.473,351.889,,701.59,2,1.1222109254083694,1.3346222286101608
LVA,2015,26.761,1.542,383.852,,759.08,2,1.2920200396176675,1.3033199421930082
MEX,1999,18.935,0.931,85.022,,8527.76,1,-0.7279703936001183,0.5653055284818443
MEX,2000,19.936,0.968,96.569,,9822.97,1,-0.5684213713343955,0.6452851584760563
MEX,2001,19.889,1.045,105.263,,10849.15,1,-0.43421539889454197,0.6444373209746646
MEX,2002,21.64,1.17,120.726,,12598.44,1,-0.09137404948149307,0.8304675771916514
MEX,2003,35.894,2.134,230.651,B,24366.08,2,2.5596919334545216,2.3898750285019514
MEX,2004,35.048,2.12,242.481,,25944.4,2,2.5322094747059456,2.2466568498739377
MEX,2005,35.603,2.108,260.194,,28223.82,2,2.622518384555463,2.2285906330868337
MEX,2006,34.725,1.984,267.984,,29503.0,2,2.430787010262388,2.04136355926395
MEX,2007,33.928,1.974,279.012,,31203.68,2,2.4112229849622118,1.9044120145937855
MEX,2008,33.143,1.904,280.672,,31901.69,2,2.2766420930278297,1.773549551977614
MEX,2009,32.454,2.004,288.566,,33330.88,2,2.401862288035388,1.710858284792603
MEX,2010,31.497,1.896,287.049,,33676.28,2,2.1926712125759877,1.5553831978566846
MEX,2011,28.201,1.623,265.79,,31652.94,2,1.5301623070783683,1.1513578177927766
MEX,2012,28.765,1.704,289.344,,34960.95,2,1.7727364197638844,1.1508216718163313
MEX,2013,27.35,1.645,283.955,,34794.7,2,1.5840801551675596,0.9865790280842003
MEX,2014,27.011,1.537,277.229,,34437.83,2,1.3947898006576998,0.9170179298639954
MEX,2015,27.201,1.595,286.825,,36108.67,2,1.5282624404270206,0.9189612322571709
NLD,1972,11.687,0.661,33.085,,440.98,1,-1.7912735491456449,-0.09167031868127064
NLD,1973,11.175,0.637,35.249,,473.72,1,-1.8516185720085296,-0.16103947128687504
NLD,1974,10.327,0.609,37.995,,514.64,1,-1.9379747819529498,-0.26862231223028
NLD,1975,9.894,0.617,41.766,,570.79,1,-1.945525864835179,-0.3175167373488607
NLD,1976,9.525,0.588,43.654,,601.29,1,-2.0039131043028218,-0.3738146482224805
NLD,1977,9.183,0.575,45.94,,636.55,1,-2.037838088660559,-0.4203676574225839
NLD,1978,8.954,0.571,49.667,,692.44,1,-2.0482470311247103,-0.45360197460152935
NLD,1979,8.645,0.566,53.934,,757.14,1,-2.063815189083759,-0.49676459064970196
NLD,1980,8.412,0.555,59.091,,836.13,1,-2.0800462517131604,-0.536630063116055
NLD,1981,8.378,0.56,64.284,,915.87,1,-2.0614272731909016,-0.548065840963811
NLD,1982,8.651,0.598,71.663,,1025.69,1,-1.9720630659059764,-0.5157993314725006
NLD,1983,8.547,0.591,74.834,,1075.15,1,-1.9797604246118072,-0.5363327828666841
NLD,1984,9.244,0.614,82.585,,1191.22,1,-1.8816516713919134,-0.46765517414406327
NLD,1985,9.595,0.636,90.174,,1306.77,1,-1.8081537162268602,-0.4353718497319157
NLD,1986,9.969,0.67,98.99,,1442.51,1,-1.7135791910928142,-0.3973717017251094
NLD,1987,10.399,0.71,108.992,,1598.37,1,-1.6039598630184202,-0.3530123480108605
NLD,1988,10.472,0.707,115.517,,1705.04,1,-1.585394627972213,-0.35984603968341056
NLD,1989,9.973,0.69,121.613,,1805.82,1,-1.6246594254467,-0.4324116517744876
NLD,1990,10.168,0.72,136.103,,2034.95,1,-1.531820704958175,-0.4264025093845877
NLD,1991,10.144,0.737,146.213,,2203.4,1,-1.4828291059225298,-0.4409947153840254
NLD,1992,10.996,0.822,168.349,,2556.24,1,-1.2514809806912899,-0.3550795546441237
NLD,1993,11.522,0.872,184.053,,2814.24,1,-1.1063656372491057,-0.3074175842138364
NLD,1994,11.406,0.85,187.466,,2883.76,1,-1.134282854190371,-0.33717690982495113
NLD,1995,11.65,0.858,198.145,,3063.12,1,-1.0781871370397729,-0.32921663174769883
NLD,1996,11.627,0.848,205.342,,3189.06,1,-1.0734922477153999,-0.3509437849676236
NLD,1997,11.499,0.817,210.01,,3278.39,1,-1.110943353083649,-0.3887747547267053
NLD,1998,11.76,0.844,230.684,B,3623.4,1,-1.0007714474468898,-0.3899107207032513
NLD,1999,12.003,0.862,249.383,,3943.27,1,-0.9092550637888986,-0.3934338528429486
NLD,2000,12.285,0.867,273.687,,4358.61,1,-0.8173940804164731,-0.41038078106511516
NLD,2001,12.232,0.91,299.575,,4807.03,1,-0.6919182601588628,-0.4474167674871428
NLD,2002,12.018,0.956,324.925,,5247.19,1,-0.5744801053224868,-0.4987915576997565
NLD,2005,11.139,1.033,384.808,B,6280.02,0,-0.36456395469183844,-0.6743112649971478
NLD,2006,10.857,0.997,404.948,,6619.32,0,-0.3767637310242755,-0.7615013641581501
NLD,2007,11.004,1.016,441.76,,7236.78,0,-0.24081005363405378,-0.8107861423156429
NLD,2008,10.33,0.982,450.402,,7407.13,0,-0.3073436668518206,-0.9154013882485211
NLD,2009,9.983,1.022,450.574,,7448.16,0,-0.27533465598821283,-0.9335114418542861
NLD,2010,9.817,1.021,455.318,,7565.29,0,-0.2742745923008522,-0.9615292535776417
NLD,2011,9.53,1.003,461.879,,7710.18,0,-0.2992310159211969,-1.013965413204447
NLD,2012,8.277,0.903,421.533,,7062.77,1,-0.6269519974578177,-1.1127282610288178
NLD,2013,7.757,0.845,411.405,,6913.43,1,-0.7670781569053279,-1.1750477526611323
NLD,2014,7.638,0.829,406.47,,6855.12,1,-0.8097661512852649,-1.1857203304282007
NLD,2015,7.865,0.841,416.594,,7057.07,1,-0.7505601798559287,-1.177066172203567
NLD,2016,8.024,0.843,432.136,P,7354.27,1,-0.6945000832291276,-1.191266322171253
NOR,1970,8.564,0.342,11.514,,44.63,1,-2.4876639372578424,-0.5277690031546595
NOR,1971,7.933,0.338,12.556,,49.01,1,-2.532017417077608,-0.5975664807096928
NOR,1972,7.166,0.332,13.453,,52.91,1,-2.5884255991643275,-0.6822971010693936
NOR,1973,7.057,0.338,14.973,,59.3,1,-2.5835701410309353,-0.6935304464283697
NOR,1974,7.236,0.346,17.281,,68.87,1,-2.5549564270689338,-0.6750744013886371
NOR,1975,7.103,0.369,20.986,,84.1,1,-2.5230525210176884,-0.6845450628814602
NOR,1976,6.876,0.366,23.14,,93.17,1,-2.5364980837769284,-0.713577388542621
NOR,1977,6.355,0.353,24.545,,99.24,1,-2.584803134011088,-0.7768387546200523
NOR,1978,5.545,0.338,26.049,,105.72,1,-2.6546311714407147,-0.8714735956685242
NOR,1979,5.787,0.322,27.975,,113.93,1,-2.6552672855781507,-0.8572754550201683
NOR,1980,11.023,0.596,58.829,,240.35,1,-1.8594224201205876,-0.2328384343437885
NOR,1981,10.847,0.59,64.446,,264.21,1,-1.8645606936479924,-0.26415577629206055
NOR,1982,10.88,0.614,71.076,,292.46,1,-1.8127459072134726,-0.2610077551457436
NOR,1983,10.673,0.621,77.53,,320.08,1,-1.8001943755313123,-0.2908220767263134
NOR,1984,10.941,0.599,81.903,,339.09,1,-1.8008606797954116,-0.28115832248363365
NOR,1985,10.661,0.584,86.65,,359.82,1,-1.827274825444622,-0.3261366386458216
NOR,1986,10.51,0.622,97.607,,406.76,1,-1.7574563118738447,-0.3432416159128367
NOR,1987,10.322,0.635,103.549,,433.55,1,-1.7368604729275083,-0.36729666212336415
NOR,1988,7.712,0.485,81.21,,341.85,1,-2.1697539227500937,-0.6726044457710468
NOR,1989,8.141,0.498,87.135,,368.31,1,-2.1084738445537776,-0.6320712523061974
NOR,1990,7.659,0.542,99.867,,423.58,1,-2.047783748613692,-0.6841062754709372
NOR,1991,7.799,0.573,112.003,,477.33,1,-1.965129700611963,-0.6762625681426656
NOR,1992,7.903,0.593,121.995,,522.92,1,-1.9052681245294263,-0.6736595192584559
NOR,1993,10.101,0.745,160.581,B,692.42,1,-1.4545885093647726,-0.4396390033519696
NOR,1994,9.282,0.677,155.562,,674.61,1,-1.6135049513791953,-0.5490909288286083
NOR,1995,9.514,0.692,168.181,,733.13,1,-1.545107037846697,-0.5402154698348971
NOR,1996,9.653,0.694,185.931,,814.63,1,-1.4870730354231982,-0.5564890288428326
NOR,1997,9.633,0.746,213.214,B,939.24,1,-1.3472123436091277,-0.582439783312949
NOR,1998,9.592,0.808,227.62,,1008.69,1,-1.2286715497464766,-0.5828017948774711
NOR,1999,9.601,0.81,247.47,,1104.19,1,-1.1737115116201693,-0.6165127132281527
NOR,2000,10.212,0.787,290.719,,1305.61,1,-1.0519517907243474,-0.6411093943570673
NOR,2001,9.993,0.801,303.553,B,1370.16,1,-1.0140636803045953,-0.6803734797198967
NOR,2002,10.057,0.906,343.788,,1560.16,1,-0.7633202879020557,-0.6953734874615659
NOR,2003,9.877,0.911,350.856,,1601.61,1,-0.7499720560260145,-0.724616326900324
NOR,2004,10.062,0.888,377.594,,1733.88,1,-0.6991969395137181,-0.7643414597581037
NOR,2005,9.662,0.805,384.641,,1778.31,1,-0.8192654774834626,-0.8588809524663714
NOR,2006,9.232,0.731,395.454,,1843.08,1,-0.9193311059060277,-0.9590325414854443
NOR,2007,8.579,0.691,385.796,,1816.77,1,-1.0413904279161212,-1.0295897180537408
NOR,2008,7.95,0.633,390.574,,1862.34,1,-1.148580801140859,-1.1322229947473277
NOR,2009,7.606,0.69,382.607,,1847.5,1,-1.1147745536028044,-1.1269585989034179
NOR,2010,7.653,0.682,395.456,,1933.48,1,-1.088774051636587,-1.149360769581295
NOR,2011,7.998,0.703,436.365,,2161.35,1,-0.930819932269004,-1.177121204819285
NOR,2012,7.733,0.679,443.629,,2226.38,1,-0.961501316932021,-1.2299344017523097
NOR,2013,7.589,0.678,453.76,,2304.93,1,-0.9456669491964159,-1.2641809832160242
NOR,2014,7.49,0.7,459.597,,2361.06,1,-0.9069882583235825,-1.2749386390247437
NOR,2015,7.655,0.764,473.844,,2458.59,1,-0.7722480048044771,-1.2530095178518077
NOR,2016,7.539,0.789,501.15,P,2622.48,0,-0.6747125657966583,-1.302701366622107
NZL,1971,11.429,0.583,24.598,,70.18,1,-1.93933463354013,-0.1350936628100436
NZL,1976,10.638,0.645,41.718,,129.76,1,-1.8634896340821154,-0.2183900948819425
NZL,1980,11.865,0.681,57.334,,178.48,1,-1.693501750634898,-0.10027873347690057
NZL,1981,10.843,0.614,58.022,,181.31,1,-1.8496884632189035,-0.2406082791318445
NZL,1982,11.429,0.663,68.157,,215.11,1,-1.7185969477325678,-0.17368578495093623
NZL,1983,11.962,0.676,74.818,,239.37,1,-1.648597925004149,-0.12349112805919372
NZL,1984,12.433,0.668,80.7,,260.43,1,-1.6130806535835744,-0.08848064487208646
NZL,1985,13.308,0.657,81.54,,264.77,1,-1.567987136809797,-0.0037292711442224974
NZL,1986,14.491,0.73,95.976,,311.57,1,-1.353954049169674,0.12959913568914203
NZL,1987,14.699,0.819,109.193,,357.54,1,-1.185790500131906,0.17070116643502753
NZL,1988,14.213,0.871,119.077,,390.98,1,-1.1220585652569293,0.12734228530560426
NZL,1989,14.344,0.9,128.515,,424.0,1,-1.0498064505357105,0.1382606582952659
NZL,1990,13.751,0.917,133.933,,445.97,1,-1.051932097603721,0.07473423148191172
NZL,1991,14.071,0.999,145.548,,508.7,1,-0.889735058136955,0.12663624871650578
NZL,1992,14.218,1.028,153.303,,541.42,1,-0.8207226105007522,0.14211096863391828
NZL,1993,14.854,1.029,164.199,,586.55,1,-0.7491059636249783,0.18971210199746086
NZL,1994,15.806,1.096,187.377,,678.3,1,-0.535642803577934,0.2802557254505552
NZL,1995,14.775,1.027,183.84,,675.32,1,-0.7059645241722569,0.14534883476099647
NZL,1996,14.541,1.002,185.022,,690.5,1,-0.7520032149359438,0.10657262145036407
NZL,1997,14.355,1.019,194.962,,737.21,1,-0.7154589076053147,0.07746295875343578
NZL,2004,10.767,0.851,213.402,,872.28,1,-1.1307614216473911,-0.41251209122188526
NZL,2005,10.697,0.885,227.251,,939.43,1,-1.053403648254906,-0.4283628093765635
NZL,2006,11.308,0.976,271.073,,1134.33,1,-0.7762595218962121,-0.3990749121055654
NZL,2007,10.394,0.865,254.188,,1073.64,1,-1.0302627342939161,-0.5180782781866374
POL,2002,29.509,1.794,211.341,,8079.64,2,1.453161779726615,1.8780087758137087
POL,2003,31.574,1.883,230.732,,8815.02,2,1.7671333775939682,2.09071920299977
POL,2004,31.0,1.819,242.886,,9273.93,2,1.6787614114420994,1.971079850930402
POL,2005,29.762,1.728,240.171,,9166.23,2,1.466018307924117,1.8043865559291583
POL,2006,28.819,1.672,253.274,,9660.19,2,1.3668937691772143,1.6477440409371367
POL,2007,26.54,1.559,261.569,,9971.16,2,1.0883302695414674,1.3353859424729981
POL,2008,24.605,1.568,287.143,,10947.54,2,1.0485587444177755,1.0763689230289823
POL,2009,24.574,1.619,311.849,,11897.54,2,1.1887142127851882,1.0386757799418922
POL,2010,24.333,1.562,329.4,,12531.3,2,1.1474413413495967,0.9449368999145491
POL,2011,24.148,1.505,343.987,,13093.26,2,1.1015272469653887,0.8633867243713587
POL,2012,22.255,1.38,328.913,,12519.47,2,0.763042714352448,0.641160566656732
POL,2013,21.704,1.384,342.047,,13011.53,2,0.7709037309725036,0.5543268129588019
POL,2014,21.468,1.341,344.854,,13108.5,2,0.7054493036072312,0.5024802851241604
POL,2015,20.966,1.33,357.184,,13568.14,0,0.6938807259702978,0.41551388429019764
PRT,1970,14.226,0.322,6.784,,58.89,1,-2.1528139398144344,0.06284538491376772
PRT,1977,20.706,0.846,35.339,,334.15,1,-0.9413922379555292,0.9388123644455845
PRT,1978,24.23,1.021,46.422,,443.71,1,-0.4429066440318725,1.3706814261588132
PRT,1979,25.041,1.025,52.753,,509.66,2,-0.3671027817478496,1.4454703013702839
PRT,1980,20.977,1.004,58.286,,569.24,1,-0.6489963434742357,0.9996840326614711
PRT,1981,19.472,0.978,62.52,,615.91,1,-0.7721650825783957,0.8216784955668687
PRT,1982,18.984,0.965,66.506,,659.19,1,-0.8113053122978937,0.7568031046349228
PRT,1983,20.083,0.969,68.948,,686.57,1,-0.7268264152711499,0.8690504356208867
PRT,1984,20.577,1.018,73.363,,733.35,1,-0.6162570174632833,0.9358974816257316
PRT,1985,25.954,1.393,106.172,,1064.23,2,0.3325309683081632,1.616654640266762
PRT,1986,23.01,1.365,110.418,,1107.79,2,0.1116620923759018,1.2871679795560809
PRT,1987,25.339,1.462,129.032,,1294.19,2,0.4459371414760061,1.5423248793647808
PRT,1988,23.255,1.397,137.375,,1376.44,2,0.24272975826194926,1.2773615541361945
PRT,1989,24.267,1.344,146.308,,1463.81,2,0.26167460266502546,1.3409804215366459
PRT,1990,25.305,1.396,164.162,,1638.87,2,0.44787617390319506,1.440954005129128
PRT,1991,24.786,1.497,190.3,,1895.43,2,0.619495156298015,1.385964922155834
PRT,1992,25.336,1.567,206.193,,2052.13,2,0.7925955597679596,1.4472015779732412
PRT,1993,26.203,1.691,222.786,,2219.99,2,1.0614733571865191,1.56614525574999
PRT,1994,26.03,1.673,226.69,,2264.98,2,1.0361830900998783,1.5319354239999703
PRT,1995,24.275,1.748,251.235,B,2518.93,2,1.0869949665711487,1.3379127534804476
PRT,1996,24.626,1.835,273.478,,2752.27,2,1.2869491901637538,1.3742903109907145
PRT,1997,24.72,1.832,289.154,,2923.05,2,1.3309359984168585,1.3528826223823864
PRT,1998,24.15,1.783,297.23,,3019.92,2,1.2487656887510659,1.2542043691725824
PRT,2000,21.881,1.832,345.833,B,3558.59,2,1.2949723072391086,0.947783413076047
PRT,2001,22.486,1.89,370.107,,3835.32,2,1.4781709787729949,0.9925730200424728
PRT,2002,22.542,1.929,392.927,,4094.15,2,1.595559343561683,0.9735992383023577
PRT,2003,22.284,1.984,413.377,,4323.44,2,1.7074671363559926,0.9340285035364125
PRT,2004,22.336,2.076,446.21,,4678.0,2,1.9227614806423323,0.921289097355808
PRT,2005,22.09,2.084,473.861,,4977.12,2,1.9910964593543357,0.846863514723204
PRT,2006,22.342,2.041,503.565,,5298.66,2,2.0288943210658217,0.7961439026844437
PRT,2007,22.136,2.007,515.673,,5436.72,2,2.0017461124789473,0.7351357664324104
PRT,2008,21.184,1.981,527.624,,5570.75,2,1.9357132600010734,0.6002590180882643
PRT,2009,20.154,1.991,527.548,,5575.26,2,1.8810811794868834,0.49734887096208846
PRT,2010,19.269,1.892,517.697,,5473.66,0,1.6626998072865207,0.37583765067536334
PRT,2011,18.373,1.751,468.954,,4951.01,0,1.2830971318298274,0.3068955789669902
PRT,2012,16.638,1.555,411.465,,4326.49,0,0.7504013662269403,0.14050214237034955
PRT,2013,15.613,1.419,395.927,,4140.33,0,0.45737593419942935,-0.0022169833266108647
PRT,2014,15.398,1.389,400.196,,4162.46,0,0.41378642981219543,-0.046806060341207996
PRT,2015,15.5,1.391,412.877,,4276.61,0,0.456802732147485,-0.058859542941029144
RUS,2015,22.939,1.286,309.9,,44655.62,2,0.9809806780673569,0.1348845566008861
SVK,1999,34.81,1.928,206.344,,1113.44,2,1.8958794291632528,2.6280393931491197
SVK,2000,34.69,1.843,209.134,,1126.96,2,1.7804005563242742,2.569655215402921
SVK,2001,34.657,1.851,229.487,,1234.38,2,1.84210502020333,2.533362094726792
SVK,2002,37.564,2.072,275.505,,1481.37,2,2.4525915964609233,2.860631454284407
SVK,2003,40.239,2.196,310.549,,1668.7,2,2.888096331652273,3.1368521071787834
SVK,2004,34.185,2.215,336.67,,1808.69,2,2.582249082250997,2.465463963489093
SVK,2005,33.282,2.196,364.882,B,1960.44,2,2.5705739836173076,2.310965906403545
SVK,2006,31.128,2.136,403.152,,2166.16,2,2.447169394710703,1.9877486063050505
SVK,2007,29.372,2.112,446.793,,2401.34,2,2.412686781311033,1.7137613747919138
SVK,2008,30.159,2.101,497.76,,2677.57,2,2.582771179670678,1.6988321250279852
SVK,2009,29.429,2.342,540.515,,2911.43,2,2.9717132003535918,1.6609960046020669
SVK,2010,29.198,2.278,569.68,,3071.39,2,2.9461328488800067,1.5534205095585285
SVK,2011,28.72,2.131,550.42,,2971.38,2,2.665798799217479,1.467495758014497
SVK,2012,26.544,2.026,539.956,,2919.85,2,2.3530663901491087,1.2081999458268178
SVK,2013,26.535,1.998,557.263,,3016.68,2,2.359841782953124,1.16252188544536
SVK,2014,27.029,1.871,542.885,B,2941.7,2,2.183413863191761,1.1791114416766022
SVK,2015,26.866,1.85,553.268,,3000.82,2,2.17140972241734,1.133182761446935
SVN,2002,22.091,1.766,358.67,,715.38,2,1.2216117545907161,0.9661179866942637
SVN,2003,21.213,1.714,362.285,,723.02,2,1.1027112167343391,0.842969974060632
SVN,2004,21.234,1.683,383.638,,766.13,2,1.1171521499511952,0.7930180723929786
SVN,2005,21.305,1.697,406.336,,812.86,2,1.1991505441083297,0.767546088684958
SVN,2006,21.146,1.65,425.293,,853.51,2,1.173957779856796,0.6952168385487246
SVN,2007,20.077,1.505,415.215,,837.95,0,0.8816453343062404,0.5312376293214348
SVN,2008,19.07,1.497,443.436,,896.32,0,0.876974725743142,0.3727683999018914
SVN,2009,19.75,1.691,465.075,,948.6,0,1.2396829816423414,0.4991720311846275
SVN,2010,19.847,1.699,472.268,,967.48,0,1.275444031523873,0.500534244482907
SVN,2011,19.633,1.677,482.969,,991.46,0,1.2591525934380807,0.4488638608469013
SVN,2012,20.247,1.767,509.632,,1048.39,0,1.4898830941040313,0.5097451286518095
SVN,2013,20.358,1.783,526.46,,1084.48,0,1.562136418702338,0.49964050271366195
SVN,2014,18.606,1.589,492.577,,1015.68,0,1.097251691720525,0.28230088932485065
SVN,2015,18.33,1.566,500.567,,1032.94,0,1.0685290198309292,0.22841614741008437
SWE,1970,7.666,0.422,20.418,,164.22,1,-2.41487313503987,-0.6006258521581812
SWE,1971,7.768,0.462,23.532,,190.57,1,-2.3458786773142637,-0.5765306064234706
SWE,1972,8.49,0.513,27.837,,226.1,1,-2.217958727742992,-0.4844827317296871
SWE,1973,9.326,0.561,33.314,,271.05,1,-2.0834741627232494,-0.38411762948708283
SWE,1974,8.995,0.563,37.473,,305.78,1,-2.091639147885539,-0.4255084530023504
SWE,1975,8.56,0.56,41.61,,340.89,1,-2.113475778719447,-0.48015060024017453
SWE,1976,8.118,0.555,43.743,,359.67,1,-2.1437645168488735,-0.5327726063600597
SWE,1977,7.701,0.584,48.003,,396.1,1,-2.1208585866679064,-0.5703967283997331
SWE,1978,7.507,0.573,51.13,,423.13,1,-2.1402558642983407,-0.6017977190346259
SWE,1979,7.381,0.556,55.579,,460.95,1,-2.1597802369297177,-0.6314155073468316
SWE,1980,6.974,0.546,60.498,,502.77,1,-2.1871569149812737,-0.6879448105811333
SWE,1981,7.019,0.557,67.682,,563.15,1,-2.1503494010938975,-0.6912968009380903
SWE,1982,7.298,0.586,76.451,,636.47,1,-2.069596708448401,-0.6644591170988248
SWE,1983,7.393,0.587,81.086,,675.37,1,-2.0497309055319644,-0.6626471810099618
SWE,1984,7.157,0.554,82.604,,688.64,1,-2.105871890355697,-0.706015507389045
SWE,1985,7.671,0.564,88.457,,738.65,1,-2.0429614450196696,-0.6583211026843103
SWE,1986,7.933,0.565,92.603,,775.07,1,-2.0133452757585895,-0.6381572999942622
SWE,1987,8.143,0.586,101.523,,852.57,1,-1.9475237373367977,-0.622712429202
SWE,1988,7.585,0.54,98.76,,833.19,1,-2.0537551086913304,-0.6981206572148358
SWE,1989,8.6,0.617,119.607,,1015.82,1,-1.8275853891767224,-0.5937966330178841
SWE,1990,8.628,0.626,125.815,,1076.83,1,-1.7970843246643518,-0.5982303728492573
SWE,1991,9.154,0.663,135.181,,1164.91,1,-1.6875367340965763,-0.5429885082419263
SWE,1992,10.108,0.761,155.916,,1351.49,1,-1.4372695462909428,-0.4348391675844116
SWE,1993,11.203,0.871,177.84,B,1550.51,1,-1.1583169421579194,-0.30842603666776286
SWE,1994,12.355,0.911,196.493,,1725.35,1,-0.9787639825629059,-0.20365036489697402
SWE,1995,12.929,0.943,214.705,,1895.19,1,-0.8493531823149946,-0.1623479503087168
SWE,1996,14.254,1.068,252.227,,2229.94,1,-0.4936997522122075,-0.033719128096783596
SWE,1997,13.028,0.953,233.056,,2061.63,1,-0.7806998157493691,-0.18148572226685306
SWE,1998,14.286,1.058,269.433,,2384.74,1,-0.45953237207537156,-0.06730982460069897
SWE,1999,14.635,1.085,294.6,,2609.53,1,-0.3333941366555171,-0.06480519901248917
SWE,2000,14.511,1.076,314.697,,2792.03,1,-0.30050029963538727,-0.11966639518949812
SWE,2001,14.61,1.174,348.639,B,3101.48,0,-0.07165857153377611,-0.12570934729455385
SWE,2002,14.706,1.23,376.14,,3357.03,0,0.08323813895120265,-0.14027820469481114
SWE,2003,14.215,1.203,378.634,,3391.89,0,0.021091637044346592,-0.2094924342220757
SWE,2004,14.128,1.167,391.6,,3521.87,0,0.0011984064303502435,-0.26033539787936044
SWE,2005,13.922,1.152,391.434,,3534.48,0,-0.032949714930099204,-0.2890299424758781
SWE,2006,13.952,1.139,426.3,,3871.02,0,0.044046201487662244,-0.35765668323892785
SWE,2007,13.704,1.106,448.828,,4105.92,0,0.04310284792375958,-0.4420948964108532
SWE,2008,13.65,1.135,474.925,,4378.64,0,0.14823019800023476,-0.48322626760713644
SWE,2009,13.475,1.205,478.419,,4448.59,0,0.24090487452256953,-0.47512071168738385
SWE,2010,13.301,1.129,470.326,,4410.78,0,0.10570418690560458,-0.5153251064648248
SWE,2011,10.245,1.094,478.705,,4523.39,0,-0.12072419845952269,-0.8681712887907853
SWE,2012,10.149,1.11,496.505,,4726.42,0,-0.05784766448198072,-0.9045309059716697
SWE,2013,9.846,1.093,499.194,,4792.45,0,-0.09324001097815429,-0.9501546852759418
SWE,2014,9.816,1.094,507.491,,4920.69,0,-0.0713176160641327,-0.9692522633287597
SWE,2015,9.851,1.085,518.78,,5083.62,0,-0.0506051464071771,-0.9920767432895699
TUR,1981,10.714,0.276,12.664,,569.73,1,-2.4262625071933397,-0.3457243373240967
TUR,1982,12.903,0.277,13.611,,626.45,1,-2.2773750507816324,-0.11883730157851204
TUR,1983,11.905,0.261,13.762,,647.82,1,-2.364254300835503,-0.2315707594652627
TUR,1984,10.938,0.231,13.098,,630.2,1,-2.470499846868749,-0.34570549395447986
TUR,1985,13.889,0.207,12.302,,604.45,1,-2.31041898514856,-0.04667087979073182
TUR,1986,12.403,0.228,14.455,,724.61,1,-2.373356254007203,-0.1978514659948973
TUR,1987,13.333,0.253,17.667,,902.8,1,-2.2680683651928857,-0.09716896173052524
TUR,1990,22.021,0.54,43.847,,2364.3,1,-1.2242328871393091,0.8791848417653032
TUR,1994,31.628,0.83,75.335,,4336.59,2,-0.09660334631014635,1.935071864752824
TUR,1999,27.339,1.221,100.371,B,6251.84,2,0.23304185929964638,1.5976344678457972
TUR,2000,27.806,1.285,118.272,,7479.54,2,0.40928599458804504,1.6250367573154723
USA,2000,11.365,1.421,518.109,,146190.88,0,2.030667430562407,-3.1528983929622103
USA,2001,11.729,1.545,575.975,,164134.99,3,2.5642495161548804,-3.4697782620753
USA,2002,12.075,1.686,643.351,,185043.96,3,3.1759932774819872,-3.8487790163448556
USA,2003,12.327,1.782,707.226,,205171.87,3,3.7033508173755116,-4.23950420446014
USA,2004,12.505,1.818,762.271,,223196.99,3,4.099464569806316,-4.614709269468377
USA,2005,12.471,1.814,803.701,,237506.99,3,4.352563675404557,-4.942690309142204
USA,2006,12.725,1.866,866.302,,258487.11,3,4.826602963467905,-5.367148042300729
USA,2007,12.641,1.884,905.301,,272704.91,3,5.098919722851095,-5.684017274690196
USA,2008,12.399,1.896,917.815,,279102.0,3,5.200396602657207,-5.8374753445800796
USA,2009,12.331,2.015,946.894,,290480.12,3,5.55412732522295,-6.0372631835851065
USA,2010,11.938,1.957,946.859,,292909.12,3,5.476069373293185,-6.148896063360797
USA,2011,11.855,1.939,965.58,,300935.91,3,5.581010401649156,-6.339399897981661
USA,2012,11.459,1.874,964.237,,302768.85,3,5.48350305164772,-6.441989181452661
USA,2013,11.384,1.858,980.864,,310154.01,3,5.5793796273631315,-6.61583109613977
USA,2014,11.968,1.981,1081.402,,344495.16,3,6.412665890542801,-7.271505785188853
USA,2015,12.227,2.068,1162.399,,373009.91,3,7.062886597276235,-7.842595203091859
